timestamp,server_id,power_watts,cpu_temp_c,fan_speed_pct
2024-06-01 00:00:00,srv-01,184.3,61.0,41.4
2024-06-01 00:15:00,srv-01,216.2,58.3,37.4
2024-06-01 00:30:00,srv-01,192.4,57.2,26.9
2024-06-01 00:45:00,srv-01,215.3,62.4,32.4
2024-06-01 01:00:00,srv-01,194.6,57.8,36.5
2024-06-01 01:15:00,srv-01,168.9,58.1,43.0
2024-06-01 01:30:00,srv-01,239.4,61.2,40.6
2024-06-01 01:45:00,srv-01,193.3,58.2,44.7
2024-06-01 02:00:00,srv-01,205.4,58.1,34.9
2024-06-01 02:15:00,srv-01,198.6,58.4,40.0
2024-06-01 02:30:00,srv-01,197.6,61.2,33.7
2024-06-01 02:45:00,srv-01,217.4,68.3,46.0
2024-06-01 03:00:00,srv-01,204.3,62.6,35.0
2024-06-01 03:15:00,srv-01,177.3,62.3,37.3
2024-06-01 03:30:00,srv-01,180.8,57.4,34.3
2024-06-01 03:45:00,srv-01,203.0,61.7,44.4
2024-06-01 04:00:00,srv-01,214.4,62.3,39.0
2024-06-01 04:15:00,srv-01,191.6,55.5,45.5
2024-06-01 04:30:00,srv-01,198.3,58.8,45.9
2024-06-01 04:45:00,srv-01,187.5,62.5,41.5
2024-06-01 05:00:00,srv-01,185.4,59.8,44.9
2024-06-01 05:15:00,srv-01,212.9,64.5,41.7
2024-06-01 05:30:00,srv-01,251.6,57.2,38.0
2024-06-01 05:45:00,srv-01,200.1,55.7,45.2
2024-06-01 06:00:00,srv-01,214.6,60.1,37.3
2024-06-01 06:15:00,srv-01,178.6,57.6,43.7
2024-06-01 06:30:00,srv-01,197.8,58.7,42.5
2024-06-01 06:45:00,srv-01,218.4,60.8,41.6
2024-06-01 07:00:00,srv-01,221.6,60.5,38.5
2024-06-01 07:15:00,srv-01,211.1,59.2,38.2
2024-06-01 07:30:00,srv-01,220.1,59.1,26.7
2024-06-01 07:45:00,srv-01,206.2,58.8,38.6
2024-06-01 08:00:00,srv-01,207.8,59.5,41.1
2024-06-01 08:15:00,srv-01,170.7,57.2,47.0
2024-06-01 08:30:00,srv-01,200.7,55.0,34.6
2024-06-01 08:45:00,srv-01,186.1,60.3,37.8
2024-06-01 09:00:00,srv-01,191.1,60.0,42.4
2024-06-01 09:15:00,srv-01,197.1,58.3,37.9
2024-06-01 09:30:00,srv-01,206.1,60.0,43.8
2024-06-01 09:45:00,srv-01,183.8,57.7,43.9
2024-06-01 10:00:00,srv-01,189.0,64.2,47.0
2024-06-01 10:15:00,srv-01,221.9,57.4,40.4
2024-06-01 10:30:00,srv-01,193.6,62.8,48.5
2024-06-01 10:45:00,srv-01,214.1,60.0,38.2
2024-06-01 11:00:00,srv-01,210.7,56.3,42.7
2024-06-01 11:15:00,srv-01,187.3,61.9,39.2
2024-06-01 11:30:00,srv-01,195.2,57.3,38.2
2024-06-01 11:45:00,srv-01,209.3,63.1,42.6
2024-06-01 12:00:00,srv-01,221.5,67.6,38.4
2024-06-01 12:15:00,srv-01,197.9,55.7,46.0
2024-06-01 12:30:00,srv-01,220.5,57.4,43.1
2024-06-01 12:45:00,srv-01,219.3,60.7,44.2
2024-06-01 13:00:00,srv-01,203.6,56.3,45.2
2024-06-01 13:15:00,srv-01,220.9,62.2,35.2
2024-06-01 13:30:00,srv-01,189.7,56.6,43.8
2024-06-01 13:45:00,srv-01,220.0,61.3,44.7
2024-06-01 14:00:00,srv-01,188.0,60.4,33.2
2024-06-01 14:15:00,srv-01,189.4,62.6,38.8
2024-06-01 14:30:00,srv-01,219.1,61.6,53.7
2024-06-01 14:45:00,srv-01,202.4,55.8,39.8
2024-06-01 15:00:00,srv-01,186.6,62.9,40.2
2024-06-01 15:15:00,srv-01,198.9,59.6,43.7
2024-06-01 15:30:00,srv-01,194.2,62.3,45.2
2024-06-01 15:45:00,srv-01,195.9,57.2,37.4
2024-06-01 16:00:00,srv-01,211.7,60.3,43.2
2024-06-01 16:15:00,srv-01,227.4,60.7,36.0
2024-06-01 16:30:00,srv-01,216.9,60.2,44.4
2024-06-01 16:45:00,srv-01,217.0,57.1,46.9
2024-06-01 17:00:00,srv-01,214.6,58.2,41.5
2024-06-01 17:15:00,srv-01,204.9,60.1,44.4
2024-06-01 17:30:00,srv-01,222.6,60.0,46.7
2024-06-01 17:45:00,srv-01,215.8,60.7,40.9
2024-06-01 18:00:00,srv-01,183.7,55.5,40.8
2024-06-01 18:15:00,srv-01,188.2,59.9,37.3
2024-06-01 18:30:00,srv-01,174.2,61.1,37.9
2024-06-01 18:45:00,srv-01,202.2,57.3,38.3
2024-06-01 19:00:00,srv-01,224.4,60.4,42.7
2024-06-01 19:15:00,srv-01,181.9,67.2,49.2
2024-06-01 19:30:00,srv-01,221.5,62.5,40.1
2024-06-01 19:45:00,srv-01,207.6,63.1,36.9
2024-06-01 20:00:00,srv-01,194.3,55.0,36.1
2024-06-01 20:15:00,srv-01,225.9,59.0,38.4
2024-06-01 20:30:00,srv-01,205.8,55.2,44.7
2024-06-01 20:45:00,srv-01,220.0,61.1,48.3
2024-06-01 21:00:00,srv-01,181.1,65.5,36.3
2024-06-01 21:15:00,srv-01,181.8,59.3,49.4
2024-06-01 21:30:00,srv-01,200.7,57.2,33.5
2024-06-01 21:45:00,srv-01,199.4,54.0,33.5
2024-06-01 22:00:00,srv-01,224.1,64.0,39.4
2024-06-01 22:15:00,srv-01,194.0,60.2,51.7
2024-06-01 22:30:00,srv-01,207.1,62.7,39.0
2024-06-01 22:45:00,srv-01,201.9,61.9,40.6
2024-06-01 23:00:00,srv-01,172.5,63.8,36.9
2024-06-01 23:15:00,srv-01,232.7,62.1,40.4
2024-06-01 23:30:00,srv-01,207.6,59.7,37.6
2024-06-01 23:45:00,srv-01,204.1,62.7,37.7
2024-06-02 00:00:00,srv-01,191.7,58.9,44.8
2024-06-02 00:15:00,srv-01,222.8,61.1,42.9
2024-06-02 00:30:00,srv-01,191.6,62.6,42.8
2024-06-02 00:45:00,srv-01,190.3,54.6,33.9
2024-06-02 01:00:00,srv-01,191.0,63.5,47.8
2024-06-02 01:15:00,srv-01,194.4,58.8,41.3
2024-06-02 01:30:00,srv-01,201.2,62.8,37.4
2024-06-02 01:45:00,srv-01,215.2,59.3,44.3
2024-06-02 02:00:00,srv-01,196.9,58.2,49.6
2024-06-02 02:15:00,srv-01,217.0,54.6,37.8
2024-06-02 02:30:00,srv-01,219.1,56.4,43.9
2024-06-02 02:45:00,srv-01,211.0,57.9,40.0
2024-06-02 03:00:00,srv-01,169.6,65.3,38.5
2024-06-02 03:15:00,srv-01,213.1,61.8,46.8
2024-06-02 03:30:00,srv-01,194.5,60.6,42.8
2024-06-02 03:45:00,srv-01,214.1,63.5,37.6
2024-06-02 04:00:00,srv-01,191.0,64.1,29.8
2024-06-02 04:15:00,srv-01,224.6,59.1,40.0
2024-06-02 04:30:00,srv-01,190.8,59.9,46.4
2024-06-02 04:45:00,srv-01,212.6,61.5,40.4
2024-06-02 05:00:00,srv-01,179.3,57.5,38.3
2024-06-02 05:15:00,srv-01,207.9,60.2,44.9
2024-06-02 05:30:00,srv-01,208.1,60.2,51.4
2024-06-02 05:45:00,srv-01,207.1,58.7,49.3
2024-06-02 06:00:00,srv-01,219.0,65.4,39.4
2024-06-02 06:15:00,srv-01,215.6,55.6,43.9
2024-06-02 06:30:00,srv-01,198.6,55.9,45.2
2024-06-02 06:45:00,srv-01,173.8,54.3,41.8
2024-06-02 07:00:00,srv-01,209.6,62.9,43.7
2024-06-02 07:15:00,srv-01,223.1,62.1,39.3
2024-06-02 07:30:00,srv-01,199.9,59.2,41.5
2024-06-02 07:45:00,srv-01,184.5,61.0,39.6
2024-06-02 08:00:00,srv-01,205.1,60.8,27.7
2024-06-02 08:15:00,srv-01,187.5,59.7,39.7
2024-06-02 08:30:00,srv-01,204.9,60.9,47.6
2024-06-02 08:45:00,srv-01,205.7,59.1,32.0
2024-06-02 09:00:00,srv-01,180.5,61.6,45.3
2024-06-02 09:15:00,srv-01,224.1,57.5,38.5
2024-06-02 09:30:00,srv-01,204.6,66.1,40.6
2024-06-02 09:45:00,srv-01,224.3,60.5,45.8
2024-06-02 10:00:00,srv-01,216.4,60.5,34.9
2024-06-02 10:15:00,srv-01,197.0,64.5,44.4
2024-06-02 10:30:00,srv-01,194.5,59.0,31.3
2024-06-02 10:45:00,srv-01,222.7,62.7,39.3
2024-06-02 11:00:00,srv-01,204.0,53.5,37.6
2024-06-02 11:15:00,srv-01,221.0,62.9,41.7
2024-06-02 11:30:00,srv-01,200.8,62.4,38.6
2024-06-02 11:45:00,srv-01,176.0,60.0,42.0
2024-06-02 12:00:00,srv-01,217.8,55.7,39.4
2024-06-02 12:15:00,srv-01,199.9,56.7,42.4
2024-06-02 12:30:00,srv-01,212.2,59.1,50.3
2024-06-02 12:45:00,srv-01,196.2,58.7,37.6
2024-06-02 13:00:00,srv-01,188.8,58.3,32.8
2024-06-02 13:15:00,srv-01,198.1,60.2,28.6
2024-06-02 13:30:00,srv-01,199.5,60.1,42.6
2024-06-02 13:45:00,srv-01,219.1,62.6,36.9
2024-06-02 14:00:00,srv-01,190.0,61.7,37.3
2024-06-02 14:15:00,srv-01,182.6,67.1,38.4
2024-06-02 14:30:00,srv-01,191.6,53.4,44.3
2024-06-02 14:45:00,srv-01,186.2,60.1,44.8
2024-06-02 15:00:00,srv-01,186.4,60.2,47.6
2024-06-02 15:15:00,srv-01,164.1,57.6,35.5
2024-06-02 15:30:00,srv-01,198.2,59.9,34.7
2024-06-02 15:45:00,srv-01,191.2,57.7,38.2
2024-06-02 16:00:00,srv-01,204.3,62.7,45.3
2024-06-02 16:15:00,srv-01,210.8,57.4,40.0
2024-06-02 16:30:00,srv-01,236.6,63.0,37.8
2024-06-02 16:45:00,srv-01,224.7,58.8,36.7
2024-06-02 17:00:00,srv-01,221.9,56.1,30.4
2024-06-02 17:15:00,srv-01,215.1,60.1,40.6
2024-06-02 17:30:00,srv-01,195.6,59.3,37.7
2024-06-02 17:45:00,srv-01,191.6,58.9,37.9
2024-06-02 18:00:00,srv-01,188.6,58.4,27.5
2024-06-02 18:15:00,srv-01,211.3,61.2,39.6
2024-06-02 18:30:00,srv-01,204.6,60.8,36.4
2024-06-02 18:45:00,srv-01,193.0,61.6,41.0
2024-06-02 19:00:00,srv-01,231.6,64.9,44.7
2024-06-02 19:15:00,srv-01,189.6,58.3,35.0
2024-06-02 19:30:00,srv-01,205.2,51.8,37.7
2024-06-02 19:45:00,srv-01,196.4,55.4,44.0
2024-06-02 20:00:00,srv-01,183.9,60.8,53.9
2024-06-02 20:15:00,srv-01,176.8,59.6,38.0
2024-06-02 20:30:00,srv-01,192.0,62.3,45.5
2024-06-02 20:45:00,srv-01,212.6,57.8,52.2
2024-06-02 21:00:00,srv-01,174.4,56.9,40.8
2024-06-02 21:15:00,srv-01,202.3,61.5,47.9
2024-06-02 21:30:00,srv-01,199.2,60.3,37.0
2024-06-02 21:45:00,srv-01,209.8,59.0,38.4
2024-06-02 22:00:00,srv-01,209.2,63.1,29.0
2024-06-02 22:15:00,srv-01,206.4,59.2,44.7
2024-06-02 22:30:00,srv-01,197.2,63.9,36.6
2024-06-02 22:45:00,srv-01,167.5,63.2,35.8
2024-06-02 23:00:00,srv-01,177.3,60.0,38.8
2024-06-02 23:15:00,srv-01,213.3,62.7,40.5
2024-06-02 23:30:00,srv-01,187.7,60.9,40.8
2024-06-02 23:45:00,srv-01,209.5,57.4,38.0
2024-06-03 00:00:00,srv-01,208.6,63.7,44.8
2024-06-03 00:15:00,srv-01,202.2,58.5,42.0
2024-06-03 00:30:00,srv-01,184.6,57.5,47.5
2024-06-03 00:45:00,srv-01,207.0,59.0,44.1
2024-06-03 01:00:00,srv-01,220.3,58.7,37.9
2024-06-03 01:15:00,srv-01,192.7,62.9,44.9
2024-06-03 01:30:00,srv-01,221.8,63.0,31.8
2024-06-03 01:45:00,srv-01,205.2,56.8,37.4
2024-06-03 02:00:00,srv-01,203.6,62.5,35.5
2024-06-03 02:15:00,srv-01,166.1,60.5,53.2
2024-06-03 02:30:00,srv-01,198.0,60.1,48.9
2024-06-03 02:45:00,srv-01,209.9,60.7,42.2
2024-06-03 03:00:00,srv-01,204.8,56.6,33.3
2024-06-03 03:15:00,srv-01,229.3,60.6,40.5
2024-06-03 03:30:00,srv-01,199.6,62.3,52.7
2024-06-03 03:45:00,srv-01,208.9,58.2,39.3
2024-06-03 04:00:00,srv-01,217.1,58.3,44.3
2024-06-03 04:15:00,srv-01,166.2,59.3,43.1
2024-06-03 04:30:00,srv-01,220.1,57.5,32.5
2024-06-03 04:45:00,srv-01,197.1,56.6,39.3
2024-06-03 05:00:00,srv-01,200.9,56.0,44.0
2024-06-03 05:15:00,srv-01,198.6,63.2,30.8
2024-06-03 05:30:00,srv-01,185.7,61.6,36.0
2024-06-03 05:45:00,srv-01,198.5,60.0,40.8
2024-06-03 06:00:00,srv-01,190.8,60.4,36.1
2024-06-03 06:15:00,srv-01,211.1,59.7,40.8
2024-06-03 06:30:00,srv-01,239.5,56.7,46.9
2024-06-03 06:45:00,srv-01,161.1,53.8,33.8
2024-06-03 07:00:00,srv-01,183.3,60.6,41.4
2024-06-03 07:15:00,srv-01,197.2,59.6,42.6
2024-06-03 07:30:00,srv-01,213.5,56.0,38.2
2024-06-03 07:45:00,srv-01,200.0,61.5,36.1
2024-06-03 08:00:00,srv-01,199.7,60.1,36.5
2024-06-03 08:15:00,srv-01,190.1,60.3,39.3
2024-06-03 08:30:00,srv-01,208.5,56.8,38.2
2024-06-03 08:45:00,srv-01,197.6,62.4,35.3
2024-06-03 09:00:00,srv-01,204.5,60.8,48.2
2024-06-03 09:15:00,srv-01,185.9,58.0,35.3
2024-06-03 09:30:00,srv-01,176.0,65.3,33.8
2024-06-03 09:45:00,srv-01,188.8,63.9,31.2
2024-06-03 10:00:00,srv-01,212.3,55.8,46.2
2024-06-03 10:15:00,srv-01,168.5,54.7,37.3
2024-06-03 10:30:00,srv-01,215.6,59.9,38.3
2024-06-03 10:45:00,srv-01,221.2,66.5,43.4
2024-06-03 11:00:00,srv-01,191.7,58.7,33.6
2024-06-03 11:15:00,srv-01,202.5,55.1,42.8
2024-06-03 11:30:00,srv-01,231.1,62.2,37.7
2024-06-03 11:45:00,srv-01,208.9,64.9,47.9
2024-06-03 12:00:00,srv-01,185.9,61.5,39.2
2024-06-03 12:15:00,srv-01,213.1,61.2,28.2
2024-06-03 12:30:00,srv-01,195.8,60.6,32.8
2024-06-03 12:45:00,srv-01,209.7,55.4,36.0
2024-06-03 13:00:00,srv-01,221.1,57.3,42.9
2024-06-03 13:15:00,srv-01,174.7,66.2,38.5
2024-06-03 13:30:00,srv-01,202.4,60.5,43.0
2024-06-03 13:45:00,srv-01,178.2,60.0,36.7
2024-06-03 14:00:00,srv-01,175.7,63.0,38.2
2024-06-03 14:15:00,srv-01,204.6,60.5,38.3
2024-06-03 14:30:00,srv-01,230.6,59.9,32.2
2024-06-03 14:45:00,srv-01,195.0,61.5,42.7
2024-06-03 15:00:00,srv-01,184.7,62.8,31.2
2024-06-03 15:15:00,srv-01,218.2,56.0,38.9
2024-06-03 15:30:00,srv-01,217.0,60.4,44.1
2024-06-03 15:45:00,srv-01,210.3,63.9,45.3
2024-06-03 16:00:00,srv-01,194.2,61.9,32.4
2024-06-03 16:15:00,srv-01,200.1,62.5,40.7
2024-06-03 16:30:00,srv-01,207.7,59.4,45.6
2024-06-03 16:45:00,srv-01,199.8,58.6,44.4
2024-06-03 17:00:00,srv-01,179.9,61.5,34.8
2024-06-03 17:15:00,srv-01,220.2,59.2,40.7
2024-06-03 17:30:00,srv-01,207.2,54.2,36.7
2024-06-03 17:45:00,srv-01,216.7,62.6,41.4
2024-06-03 18:00:00,srv-01,180.8,61.8,43.6
2024-06-03 18:15:00,srv-01,201.7,63.7,36.6
2024-06-03 18:30:00,srv-01,193.4,52.5,44.6
2024-06-03 18:45:00,srv-01,205.7,55.0,31.2
2024-06-03 19:00:00,srv-01,187.9,62.4,38.5
2024-06-03 19:15:00,srv-01,188.9,57.0,34.7
2024-06-03 19:30:00,srv-01,172.0,56.4,34.6
2024-06-03 19:45:00,srv-01,211.2,59.5,35.9
2024-06-03 20:00:00,srv-01,235.6,58.0,45.8
2024-06-03 20:15:00,srv-01,225.3,55.3,40.4
2024-06-03 20:30:00,srv-01,193.2,58.2,42.8
2024-06-03 20:45:00,srv-01,191.7,58.5,39.2
2024-06-03 21:00:00,srv-01,195.4,56.5,44.0
2024-06-03 21:15:00,srv-01,216.7,61.0,38.1
2024-06-03 21:30:00,srv-01,190.4,57.9,51.8
2024-06-03 21:45:00,srv-01,215.1,57.5,40.8
2024-06-03 22:00:00,srv-01,195.6,61.8,42.7
2024-06-03 22:15:00,srv-01,217.3,57.4,40.5
2024-06-03 22:30:00,srv-01,174.8,56.2,44.4
2024-06-03 22:45:00,srv-01,186.7,57.5,40.0
2024-06-03 23:00:00,srv-01,211.4,56.8,22.6
2024-06-03 23:15:00,srv-01,187.9,63.6,41.7
2024-06-03 23:30:00,srv-01,220.9,56.6,31.8
2024-06-03 23:45:00,srv-01,207.9,60.7,41.5
2024-06-04 00:00:00,srv-01,215.0,61.3,42.0
2024-06-04 00:15:00,srv-01,211.7,61.5,44.3
2024-06-04 00:30:00,srv-01,216.1,64.6,36.8
2024-06-04 00:45:00,srv-01,208.2,58.9,35.8
2024-06-04 01:00:00,srv-01,190.7,61.5,42.1
2024-06-04 01:15:00,srv-01,207.0,59.3,40.0
2024-06-04 01:30:00,srv-01,213.3,55.5,40.1
2024-06-04 01:45:00,srv-01,202.3,62.3,33.2
2024-06-04 02:00:00,srv-01,223.4,60.6,41.3
2024-06-04 02:15:00,srv-01,195.0,61.6,40.2
2024-06-04 02:30:00,srv-01,219.1,55.7,40.9
2024-06-04 02:45:00,srv-01,207.1,59.4,38.0
2024-06-04 03:00:00,srv-01,195.6,60.5,31.0
2024-06-04 03:15:00,srv-01,215.5,58.6,40.6
2024-06-04 03:30:00,srv-01,206.5,58.4,39.3
2024-06-04 03:45:00,srv-01,170.5,62.2,45.4
2024-06-04 04:00:00,srv-01,175.5,58.8,33.9
2024-06-04 04:15:00,srv-01,198.3,61.9,44.9
2024-06-04 04:30:00,srv-01,217.8,63.9,38.9
2024-06-04 04:45:00,srv-01,183.8,59.7,43.2
2024-06-04 05:00:00,srv-01,182.6,65.0,44.5
2024-06-04 05:15:00,srv-01,197.9,57.9,36.7
2024-06-04 05:30:00,srv-01,202.1,59.3,44.8
2024-06-04 05:45:00,srv-01,195.9,61.5,39.9
2024-06-04 06:00:00,srv-01,205.0,59.3,43.5
2024-06-04 06:15:00,srv-01,211.8,61.4,43.0
2024-06-04 06:30:00,srv-01,186.8,61.0,46.2
2024-06-04 06:45:00,srv-01,208.4,56.9,39.8
2024-06-04 07:00:00,srv-01,206.6,57.7,33.2
2024-06-04 07:15:00,srv-01,196.3,57.8,39.9
2024-06-04 07:30:00,srv-01,177.1,61.7,36.8
2024-06-04 07:45:00,srv-01,215.9,59.2,39.9
2024-06-04 08:00:00,srv-01,198.4,57.9,52.4
2024-06-04 08:15:00,srv-01,193.6,63.1,34.5
2024-06-04 08:30:00,srv-01,206.6,61.4,39.9
2024-06-04 08:45:00,srv-01,192.4,59.2,38.0
2024-06-04 09:00:00,srv-01,237.0,59.9,42.6
2024-06-04 09:15:00,srv-01,227.7,57.4,40.2
2024-06-04 09:30:00,srv-01,197.0,59.7,39.1
2024-06-04 09:45:00,srv-01,190.0,60.6,34.7
2024-06-04 10:00:00,srv-01,215.8,61.9,37.5
2024-06-04 10:15:00,srv-01,194.3,60.8,36.0
2024-06-04 10:30:00,srv-01,228.2,61.1,42.0
2024-06-04 10:45:00,srv-01,211.2,58.3,45.4
2024-06-04 11:00:00,srv-01,202.7,62.9,39.0
2024-06-04 11:15:00,srv-01,220.8,61.2,50.9
2024-06-04 11:30:00,srv-01,195.5,60.6,34.8
2024-06-04 11:45:00,srv-01,193.1,61.9,45.6
2024-06-04 12:00:00,srv-01,245.5,59.7,35.3
2024-06-04 12:15:00,srv-01,212.3,56.6,42.8
2024-06-04 12:30:00,srv-01,193.5,60.6,45.5
2024-06-04 12:45:00,srv-01,199.3,62.8,44.4
2024-06-04 13:00:00,srv-01,173.0,57.3,32.2
2024-06-04 13:15:00,srv-01,231.0,59.7,48.9
2024-06-04 13:30:00,srv-01,176.5,58.3,44.0
2024-06-04 13:45:00,srv-01,203.7,61.6,33.7
2024-06-04 14:00:00,srv-01,221.7,62.3,42.0
2024-06-04 14:15:00,srv-01,190.7,61.0,38.5
2024-06-04 14:30:00,srv-01,176.2,59.8,39.2
2024-06-04 14:45:00,srv-01,216.9,53.3,41.2
2024-06-04 15:00:00,srv-01,183.7,61.0,41.9
2024-06-04 15:15:00,srv-01,199.7,62.4,33.8
2024-06-04 15:30:00,srv-01,217.6,57.9,32.2
2024-06-04 15:45:00,srv-01,196.9,53.7,41.3
2024-06-04 16:00:00,srv-01,197.1,63.7,43.2
2024-06-04 16:15:00,srv-01,180.1,57.5,42.6
2024-06-04 16:30:00,srv-01,213.7,63.7,46.1
2024-06-04 16:45:00,srv-01,199.7,61.1,46.5
2024-06-04 17:00:00,srv-01,196.5,61.1,38.4
2024-06-04 17:15:00,srv-01,192.7,60.1,36.6
2024-06-04 17:30:00,srv-01,199.0,56.9,39.1
2024-06-04 17:45:00,srv-01,207.7,58.2,40.0
2024-06-04 18:00:00,srv-01,203.1,61.4,39.3
2024-06-04 18:15:00,srv-01,217.3,53.7,54.7
2024-06-04 18:30:00,srv-01,187.9,61.2,35.3
2024-06-04 18:45:00,srv-01,210.7,60.8,36.7
2024-06-04 19:00:00,srv-01,217.1,59.5,42.7
2024-06-04 19:15:00,srv-01,187.2,59.9,50.0
2024-06-04 19:30:00,srv-01,215.4,60.9,37.8
2024-06-04 19:45:00,srv-01,202.0,60.6,42.2
2024-06-04 20:00:00,srv-01,184.9,62.0,34.6
2024-06-04 20:15:00,srv-01,225.5,57.7,41.5
2024-06-04 20:30:00,srv-01,216.1,59.2,41.7
2024-06-04 20:45:00,srv-01,222.5,61.7,41.8
2024-06-04 21:00:00,srv-01,175.7,57.2,45.2
2024-06-04 21:15:00,srv-01,209.5,62.2,43.2
2024-06-04 21:30:00,srv-01,220.3,59.2,40.6
2024-06-04 21:45:00,srv-01,185.6,56.2,31.8
2024-06-04 22:00:00,srv-01,187.7,64.7,32.2
2024-06-04 22:15:00,srv-01,196.4,56.1,37.0
2024-06-04 22:30:00,srv-01,203.5,57.9,45.4
2024-06-04 22:45:00,srv-01,224.0,53.3,36.6
2024-06-04 23:00:00,srv-01,201.9,63.4,37.7
2024-06-04 23:15:00,srv-01,200.7,56.5,32.3
2024-06-04 23:30:00,srv-01,222.7,54.5,51.6
2024-06-04 23:45:00,srv-01,211.9,62.0,42.9
2024-06-05 00:00:00,srv-01,197.2,61.2,39.1
2024-06-05 00:15:00,srv-01,209.3,59.9,35.2
2024-06-05 00:30:00,srv-01,187.9,57.0,44.9
2024-06-05 00:45:00,srv-01,191.7,54.3,42.0
2024-06-05 01:00:00,srv-01,223.7,62.3,37.0
2024-06-05 01:15:00,srv-01,177.2,59.6,39.2
2024-06-05 01:30:00,srv-01,186.5,61.7,49.2
2024-06-05 01:45:00,srv-01,204.3,60.5,35.3
2024-06-05 02:00:00,srv-01,222.0,59.8,37.1
2024-06-05 02:15:00,srv-01,202.0,61.4,40.7
2024-06-05 02:30:00,srv-01,219.1,61.2,38.6
2024-06-05 02:45:00,srv-01,207.0,61.5,33.5
2024-06-05 03:00:00,srv-01,218.2,59.1,38.6
2024-06-05 03:15:00,srv-01,212.3,62.2,36.5
2024-06-05 03:30:00,srv-01,213.0,58.3,49.1
2024-06-05 03:45:00,srv-01,188.6,60.7,36.1
2024-06-05 04:00:00,srv-01,234.3,56.3,42.6
2024-06-05 04:15:00,srv-01,190.0,58.9,42.3
2024-06-05 04:30:00,srv-01,219.4,64.9,32.3
2024-06-05 04:45:00,srv-01,205.0,64.4,31.6
2024-06-05 05:00:00,srv-01,205.7,60.0,42.1
2024-06-05 05:15:00,srv-01,189.4,55.7,30.4
2024-06-05 05:30:00,srv-01,215.6,63.3,41.5
2024-06-05 05:45:00,srv-01,193.0,55.1,42.8
2024-06-05 06:00:00,srv-01,184.5,57.9,37.1
2024-06-05 06:15:00,srv-01,198.0,57.7,40.2
2024-06-05 06:30:00,srv-01,191.7,62.1,45.2
2024-06-05 06:45:00,srv-01,202.6,61.4,50.6
2024-06-05 07:00:00,srv-01,183.4,56.3,43.5
2024-06-05 07:15:00,srv-01,230.2,59.2,48.6
2024-06-05 07:30:00,srv-01,202.4,58.0,35.0
2024-06-05 07:45:00,srv-01,210.4,57.3,40.4
2024-06-05 08:00:00,srv-01,224.8,59.1,46.6
2024-06-05 08:15:00,srv-01,182.8,58.4,33.0
2024-06-05 08:30:00,srv-01,202.1,62.3,40.4
2024-06-05 08:45:00,srv-01,219.4,57.8,41.1
2024-06-05 09:00:00,srv-01,193.1,61.1,42.5
2024-06-05 09:15:00,srv-01,209.7,56.8,35.6
2024-06-05 09:30:00,srv-01,190.4,59.3,40.4
2024-06-05 09:45:00,srv-01,211.6,57.5,32.0
2024-06-05 10:00:00,srv-01,233.3,56.6,44.2
2024-06-05 10:15:00,srv-01,201.5,60.8,40.0
2024-06-05 10:30:00,srv-01,195.2,61.4,37.8
2024-06-05 10:45:00,srv-01,218.5,61.7,43.0
2024-06-05 11:00:00,srv-01,193.4,59.3,34.1
2024-06-05 11:15:00,srv-01,195.7,56.9,46.6
2024-06-05 11:30:00,srv-01,201.8,60.5,38.9
2024-06-05 11:45:00,srv-01,204.0,67.4,38.5
2024-06-05 12:00:00,srv-01,191.2,61.6,27.4
2024-06-05 12:15:00,srv-01,202.0,58.9,35.0
2024-06-05 12:30:00,srv-01,208.6,60.2,31.0
2024-06-05 12:45:00,srv-01,191.3,51.3,41.5
2024-06-05 13:00:00,srv-01,205.2,57.6,42.7
2024-06-05 13:15:00,srv-01,181.8,57.1,42.1
2024-06-05 13:30:00,srv-01,190.7,59.8,37.2
2024-06-05 13:45:00,srv-01,194.8,58.9,36.5
2024-06-05 14:00:00,srv-01,205.5,58.1,40.1
2024-06-05 14:15:00,srv-01,190.1,55.4,44.6
2024-06-05 14:30:00,srv-01,208.5,66.9,34.8
2024-06-05 14:45:00,srv-01,197.9,59.6,44.9
2024-06-05 15:00:00,srv-01,193.4,56.5,46.0
2024-06-05 15:15:00,srv-01,196.3,62.6,43.8
2024-06-05 15:30:00,srv-01,200.6,59.5,38.0
2024-06-05 15:45:00,srv-01,200.8,62.6,36.0
2024-06-05 16:00:00,srv-01,202.6,56.6,35.0
2024-06-05 16:15:00,srv-01,200.5,54.1,50.3
2024-06-05 16:30:00,srv-01,183.1,59.9,45.8
2024-06-05 16:45:00,srv-01,188.1,53.1,37.8
2024-06-05 17:00:00,srv-01,187.9,53.2,41.4
2024-06-05 17:15:00,srv-01,204.1,63.4,34.4
2024-06-05 17:30:00,srv-01,177.0,58.8,39.6
2024-06-05 17:45:00,srv-01,214.8,64.2,46.1
2024-06-05 18:00:00,srv-01,205.1,62.4,36.8
2024-06-05 18:15:00,srv-01,203.5,56.4,40.3
2024-06-05 18:30:00,srv-01,202.3,65.2,38.9
2024-06-05 18:45:00,srv-01,202.4,60.7,37.7
2024-06-05 19:00:00,srv-01,189.0,63.9,35.1
2024-06-05 19:15:00,srv-01,181.1,62.0,45.8
2024-06-05 19:30:00,srv-01,194.2,58.7,41.4
2024-06-05 19:45:00,srv-01,190.4,57.7,44.4
2024-06-05 20:00:00,srv-01,210.1,63.9,33.7
2024-06-05 20:15:00,srv-01,193.5,60.8,35.4
2024-06-05 20:30:00,srv-01,210.6,63.7,37.1
2024-06-05 20:45:00,srv-01,201.6,64.4,49.0
2024-06-05 21:00:00,srv-01,212.2,61.8,35.7
2024-06-05 21:15:00,srv-01,206.4,61.7,38.9
2024-06-05 21:30:00,srv-01,192.1,56.2,31.3
2024-06-05 21:45:00,srv-01,171.8,61.7,40.7
2024-06-05 22:00:00,srv-01,193.7,59.0,41.1
2024-06-05 22:15:00,srv-01,198.5,56.0,44.6
2024-06-05 22:30:00,srv-01,205.6,60.8,44.2
2024-06-05 22:45:00,srv-01,188.8,63.6,39.3
2024-06-05 23:00:00,srv-01,214.3,62.2,34.8
2024-06-05 23:15:00,srv-01,208.5,61.0,40.2
2024-06-05 23:30:00,srv-01,199.6,59.7,44.1
2024-06-05 23:45:00,srv-01,209.7,60.1,32.5
2024-06-06 00:00:00,srv-01,208.4,62.2,51.5
2024-06-06 00:15:00,srv-01,217.1,54.3,40.4
2024-06-06 00:30:00,srv-01,228.2,61.9,41.6
2024-06-06 00:45:00,srv-01,214.5,58.1,42.4
2024-06-06 01:00:00,srv-01,197.2,59.9,44.1
2024-06-06 01:15:00,srv-01,187.1,63.9,37.9
2024-06-06 01:30:00,srv-01,204.9,55.8,43.6
2024-06-06 01:45:00,srv-01,222.7,58.5,34.4
2024-06-06 02:00:00,srv-01,205.2,64.4,32.8
2024-06-06 02:15:00,srv-01,184.4,58.6,35.9
2024-06-06 02:30:00,srv-01,188.7,53.7,42.9
2024-06-06 02:45:00,srv-01,206.1,54.9,47.3
2024-06-06 03:00:00,srv-01,226.2,57.7,45.8
2024-06-06 03:15:00,srv-01,192.4,60.5,35.8
2024-06-06 03:30:00,srv-01,234.2,59.1,40.6
2024-06-06 03:45:00,srv-01,190.7,65.6,49.4
2024-06-06 04:00:00,srv-01,225.5,62.9,36.9
2024-06-06 04:15:00,srv-01,213.4,60.0,46.6
2024-06-06 04:30:00,srv-01,217.7,58.1,44.7
2024-06-06 04:45:00,srv-01,211.2,51.7,44.0
2024-06-06 05:00:00,srv-01,194.5,57.3,35.8
2024-06-06 05:15:00,srv-01,199.0,61.4,33.2
2024-06-06 05:30:00,srv-01,203.8,61.7,49.3
2024-06-06 05:45:00,srv-01,184.8,59.0,41.3
2024-06-06 06:00:00,srv-01,218.2,59.1,46.0
2024-06-06 06:15:00,srv-01,171.9,56.2,41.7
2024-06-06 06:30:00,srv-01,179.8,56.5,37.4
2024-06-06 06:45:00,srv-01,212.6,54.3,40.9
2024-06-06 07:00:00,srv-01,216.5,59.4,38.2
2024-06-06 07:15:00,srv-01,207.0,59.4,47.0
2024-06-06 07:30:00,srv-01,184.3,59.8,41.0
2024-06-06 07:45:00,srv-01,195.3,51.4,39.2
2024-06-06 08:00:00,srv-01,214.5,62.3,41.8
2024-06-06 08:15:00,srv-01,184.5,61.2,37.1
2024-06-06 08:30:00,srv-01,206.3,60.4,35.1
2024-06-06 08:45:00,srv-01,187.6,61.1,38.9
2024-06-06 09:00:00,srv-01,188.4,57.2,38.5
2024-06-06 09:15:00,srv-01,224.5,58.4,39.9
2024-06-06 09:30:00,srv-01,202.5,56.6,31.2
2024-06-06 09:45:00,srv-01,185.6,60.7,40.4
2024-06-06 10:00:00,srv-01,211.5,60.3,39.5
2024-06-06 10:15:00,srv-01,191.9,62.7,35.4
2024-06-06 10:30:00,srv-01,184.3,61.7,33.3
2024-06-06 10:45:00,srv-01,237.2,60.2,41.7
2024-06-06 11:00:00,srv-01,188.9,59.1,37.9
2024-06-06 11:15:00,srv-01,192.9,61.9,37.8
2024-06-06 11:30:00,srv-01,216.3,68.0,38.5
2024-06-06 11:45:00,srv-01,203.3,61.1,49.1
2024-06-06 12:00:00,srv-01,199.8,57.5,33.7
2024-06-06 12:15:00,srv-01,200.1,58.7,50.1
2024-06-06 12:30:00,srv-01,227.5,56.9,36.4
2024-06-06 12:45:00,srv-01,202.1,64.2,40.3
2024-06-06 13:00:00,srv-01,191.3,59.8,36.9
2024-06-06 13:15:00,srv-01,210.0,57.9,37.4
2024-06-06 13:30:00,srv-01,218.4,57.7,32.8
2024-06-06 13:45:00,srv-01,202.4,58.9,42.6
2024-06-06 14:00:00,srv-01,205.8,59.9,39.7
2024-06-06 14:15:00,srv-01,190.0,60.3,44.4
2024-06-06 14:30:00,srv-01,186.4,60.0,45.2
2024-06-06 14:45:00,srv-01,208.6,63.9,37.2
2024-06-06 15:00:00,srv-01,173.5,60.6,41.8
2024-06-06 15:15:00,srv-01,221.5,63.6,42.7
2024-06-06 15:30:00,srv-01,212.5,59.4,33.9
2024-06-06 15:45:00,srv-01,202.8,62.9,43.3
2024-06-06 16:00:00,srv-01,213.5,58.7,38.7
2024-06-06 16:15:00,srv-01,208.3,58.4,37.4
2024-06-06 16:30:00,srv-01,205.5,62.3,39.0
2024-06-06 16:45:00,srv-01,183.6,57.8,41.0
2024-06-06 17:00:00,srv-01,203.9,60.7,42.6
2024-06-06 17:15:00,srv-01,201.1,60.8,39.8
2024-06-06 17:30:00,srv-01,218.2,64.3,34.1
2024-06-06 17:45:00,srv-01,197.2,60.1,38.7
2024-06-06 18:00:00,srv-01,227.9,60.7,36.0
2024-06-06 18:15:00,srv-01,209.9,60.8,41.5
2024-06-06 18:30:00,srv-01,228.1,61.1,38.5
2024-06-06 18:45:00,srv-01,171.7,59.5,46.5
2024-06-06 19:00:00,srv-01,199.6,53.3,37.5
2024-06-06 19:15:00,srv-01,215.9,61.6,35.8
2024-06-06 19:30:00,srv-01,192.5,58.8,36.7
2024-06-06 19:45:00,srv-01,170.6,62.3,46.3
2024-06-06 20:00:00,srv-01,178.2,63.7,39.5
2024-06-06 20:15:00,srv-01,219.4,60.1,40.7
2024-06-06 20:30:00,srv-01,206.6,57.6,46.0
2024-06-06 20:45:00,srv-01,184.2,58.8,42.6
2024-06-06 21:00:00,srv-01,193.4,62.3,46.9
2024-06-06 21:15:00,srv-01,216.2,54.2,40.6
2024-06-06 21:30:00,srv-01,216.4,56.0,43.6
2024-06-06 21:45:00,srv-01,211.0,56.4,44.2
2024-06-06 22:00:00,srv-01,205.1,62.0,35.2
2024-06-06 22:15:00,srv-01,203.3,54.9,28.6
2024-06-06 22:30:00,srv-01,203.1,63.3,41.3
2024-06-06 22:45:00,srv-01,200.0,59.4,35.3
2024-06-06 23:00:00,srv-01,197.7,61.3,37.8
2024-06-06 23:15:00,srv-01,212.3,60.6,41.6
2024-06-06 23:30:00,srv-01,214.3,58.4,43.3
2024-06-06 23:45:00,srv-01,195.2,61.0,36.8
2024-06-07 00:00:00,srv-01,187.3,60.3,30.6
2024-06-07 00:15:00,srv-01,196.6,55.2,43.9
2024-06-07 00:30:00,srv-01,216.8,57.4,42.1
2024-06-07 00:45:00,srv-01,214.5,62.7,41.1
2024-06-07 01:00:00,srv-01,212.0,58.1,40.4
2024-06-07 01:15:00,srv-01,194.0,57.8,40.2
2024-06-07 01:30:00,srv-01,206.2,63.5,41.3
2024-06-07 01:45:00,srv-01,210.6,62.0,53.4
2024-06-07 02:00:00,srv-01,173.8,57.9,47.4
2024-06-07 02:15:00,srv-01,195.7,62.7,41.2
2024-06-07 02:30:00,srv-01,232.6,56.7,46.1
2024-06-07 02:45:00,srv-01,227.2,57.0,43.9
2024-06-07 03:00:00,srv-01,186.5,60.1,38.7
2024-06-07 03:15:00,srv-01,165.0,61.3,40.7
2024-06-07 03:30:00,srv-01,223.2,61.8,51.5
2024-06-07 03:45:00,srv-01,202.6,59.7,39.1
2024-06-07 04:00:00,srv-01,194.4,53.4,38.9
2024-06-07 04:15:00,srv-01,170.0,61.4,33.8
2024-06-07 04:30:00,srv-01,187.6,58.0,39.0
2024-06-07 04:45:00,srv-01,201.1,63.3,37.1
2024-06-07 05:00:00,srv-01,208.2,68.2,41.9
2024-06-07 05:15:00,srv-01,198.3,57.7,39.0
2024-06-07 05:30:00,srv-01,187.7,60.8,40.5
2024-06-07 05:45:00,srv-01,168.6,59.9,45.4
2024-06-07 06:00:00,srv-01,195.0,58.0,33.1
2024-06-07 06:15:00,srv-01,173.1,62.5,39.1
2024-06-07 06:30:00,srv-01,212.6,64.6,44.6
2024-06-07 06:45:00,srv-01,192.9,60.4,36.9
2024-06-07 07:00:00,srv-01,190.4,61.0,35.8
2024-06-07 07:15:00,srv-01,167.9,57.3,38.5
2024-06-07 07:30:00,srv-01,223.8,58.5,42.6
2024-06-07 07:45:00,srv-01,198.5,63.7,45.8
2024-06-07 08:00:00,srv-01,218.6,54.8,41.0
2024-06-07 08:15:00,srv-01,212.4,61.1,43.2
2024-06-07 08:30:00,srv-01,201.9,57.8,31.5
2024-06-07 08:45:00,srv-01,191.3,68.0,37.6
2024-06-07 09:00:00,srv-01,171.6,62.2,44.3
2024-06-07 09:15:00,srv-01,220.3,61.4,44.2
2024-06-07 09:30:00,srv-01,228.6,57.8,35.3
2024-06-07 09:45:00,srv-01,184.6,59.2,47.2
2024-06-07 10:00:00,srv-01,208.9,61.5,30.9
2024-06-07 10:15:00,srv-01,190.6,54.5,45.9
2024-06-07 10:30:00,srv-01,224.8,62.3,35.1
2024-06-07 10:45:00,srv-01,223.2,59.2,33.9
2024-06-07 11:00:00,srv-01,186.5,58.7,40.2
2024-06-07 11:15:00,srv-01,198.6,55.8,46.1
2024-06-07 11:30:00,srv-01,198.7,57.9,45.6
2024-06-07 11:45:00,srv-01,183.2,55.1,46.4
2024-06-07 12:00:00,srv-01,229.4,58.6,39.8
2024-06-07 12:15:00,srv-01,183.8,60.0,37.6
2024-06-07 12:30:00,srv-01,199.5,61.2,34.5
2024-06-07 12:45:00,srv-01,195.6,54.6,38.2
2024-06-07 13:00:00,srv-01,199.6,60.7,41.2
2024-06-07 13:15:00,srv-01,214.6,55.4,32.6
2024-06-07 13:30:00,srv-01,208.9,53.9,40.9
2024-06-07 13:45:00,srv-01,183.3,64.7,41.3
2024-06-07 14:00:00,srv-01,197.7,63.7,34.7
2024-06-07 14:15:00,srv-01,187.9,56.2,35.7
2024-06-07 14:30:00,srv-01,201.9,61.5,44.8
2024-06-07 14:45:00,srv-01,173.6,59.5,34.5
2024-06-07 15:00:00,srv-01,197.9,67.0,41.5
2024-06-07 15:15:00,srv-01,214.5,65.9,45.6
2024-06-07 15:30:00,srv-01,194.3,56.2,39.8
2024-06-07 15:45:00,srv-01,192.5,55.4,41.2
2024-06-07 16:00:00,srv-01,205.0,65.3,38.2
2024-06-07 16:15:00,srv-01,205.2,58.0,44.4
2024-06-07 16:30:00,srv-01,199.1,56.5,39.9
2024-06-07 16:45:00,srv-01,206.9,60.8,45.2
2024-06-07 17:00:00,srv-01,179.3,57.5,43.2
2024-06-07 17:15:00,srv-01,190.1,60.7,27.9
2024-06-07 17:30:00,srv-01,241.7,59.2,46.0
2024-06-07 17:45:00,srv-01,195.9,61.2,47.5
2024-06-07 18:00:00,srv-01,218.5,59.4,39.3
2024-06-07 18:15:00,srv-01,216.1,67.0,41.0
2024-06-07 18:30:00,srv-01,230.4,59.3,44.8
2024-06-07 18:45:00,srv-01,217.5,58.8,36.3
2024-06-07 19:00:00,srv-01,218.2,58.4,35.5
2024-06-07 19:15:00,srv-01,190.7,58.4,44.3
2024-06-07 19:30:00,srv-01,208.7,62.1,42.1
2024-06-07 19:45:00,srv-01,192.1,62.1,45.9
2024-06-07 20:00:00,srv-01,209.8,61.3,36.2
2024-06-07 20:15:00,srv-01,204.2,57.5,39.9
2024-06-07 20:30:00,srv-01,176.4,55.1,39.0
2024-06-07 20:45:00,srv-01,192.8,60.3,39.3
2024-06-07 21:00:00,srv-01,201.5,61.8,37.7
2024-06-07 21:15:00,srv-01,197.7,64.4,40.0
2024-06-07 21:30:00,srv-01,198.3,60.2,39.2
2024-06-07 21:45:00,srv-01,190.4,57.0,36.2
2024-06-07 22:00:00,srv-01,214.1,58.1,39.2
2024-06-07 22:15:00,srv-01,211.5,59.2,43.2
2024-06-07 22:30:00,srv-01,177.9,59.6,40.4
2024-06-07 22:45:00,srv-01,201.3,55.0,46.0
2024-06-07 23:00:00,srv-01,188.2,61.0,40.0
2024-06-07 23:15:00,srv-01,216.1,66.6,33.5
2024-06-07 23:30:00,srv-01,191.3,60.6,34.5
2024-06-07 23:45:00,srv-01,212.7,62.5,42.8
2024-06-08 00:00:00,srv-01,204.5,64.1,34.2
2024-06-01 00:00:00,srv-02,237.0,57.9,47.8
2024-06-01 00:15:00,srv-02,244.3,62.4,36.7
2024-06-01 00:30:00,srv-02,212.9,62.1,44.7
2024-06-01 00:45:00,srv-02,249.3,60.6,35.2
2024-06-01 01:00:00,srv-02,272.6,61.4,39.1
2024-06-01 01:15:00,srv-02,233.5,60.4,45.3
2024-06-01 01:30:00,srv-02,238.8,62.6,40.8
2024-06-01 01:45:00,srv-02,234.3,61.9,43.0
2024-06-01 02:00:00,srv-02,233.5,57.8,41.7
2024-06-01 02:15:00,srv-02,237.2,58.3,35.8
2024-06-01 02:30:00,srv-02,242.2,61.7,38.2
2024-06-01 02:45:00,srv-02,227.3,57.5,41.9
2024-06-01 03:00:00,srv-02,223.9,66.7,37.9
2024-06-01 03:15:00,srv-02,199.6,59.9,39.6
2024-06-01 03:30:00,srv-02,252.7,60.9,35.8
2024-06-01 03:45:00,srv-02,231.7,61.0,29.2
2024-06-01 04:00:00,srv-02,256.1,57.5,47.1
2024-06-01 04:15:00,srv-02,241.9,61.9,45.7
2024-06-01 04:30:00,srv-02,244.6,62.0,39.2
2024-06-01 04:45:00,srv-02,241.6,58.2,38.3
2024-06-01 05:00:00,srv-02,265.5,57.6,40.8
2024-06-01 05:15:00,srv-02,237.7,59.1,42.6
2024-06-01 05:30:00,srv-02,244.8,57.2,40.5
2024-06-01 05:45:00,srv-02,219.8,62.4,40.9
2024-06-01 06:00:00,srv-02,237.2,62.0,38.6
2024-06-01 06:15:00,srv-02,249.7,57.2,47.1
2024-06-01 06:30:00,srv-02,227.7,54.9,38.4
2024-06-01 06:45:00,srv-02,229.4,59.0,41.2
2024-06-01 07:00:00,srv-02,252.5,59.4,36.5
2024-06-01 07:15:00,srv-02,219.1,58.6,30.6
2024-06-01 07:30:00,srv-02,225.1,63.7,35.9
2024-06-01 07:45:00,srv-02,245.4,56.3,48.9
2024-06-01 08:00:00,srv-02,263.6,61.8,50.0
2024-06-01 08:15:00,srv-02,241.3,62.3,46.3
2024-06-01 08:30:00,srv-02,238.7,55.3,43.9
2024-06-01 08:45:00,srv-02,228.9,58.8,41.5
2024-06-01 09:00:00,srv-02,244.5,60.5,43.2
2024-06-01 09:15:00,srv-02,225.4,59.9,44.2
2024-06-01 09:30:00,srv-02,262.6,66.4,42.2
2024-06-01 09:45:00,srv-02,248.6,65.9,36.6
2024-06-01 10:00:00,srv-02,245.4,62.3,47.2
2024-06-01 10:15:00,srv-02,218.9,57.2,40.1
2024-06-01 10:30:00,srv-02,241.7,63.4,42.6
2024-06-01 10:45:00,srv-02,233.7,61.2,41.5
2024-06-01 11:00:00,srv-02,262.2,60.5,38.1
2024-06-01 11:15:00,srv-02,242.7,60.6,32.1
2024-06-01 11:30:00,srv-02,235.8,59.7,37.3
2024-06-01 11:45:00,srv-02,251.5,57.6,42.3
2024-06-01 12:00:00,srv-02,233.8,60.3,42.1
2024-06-01 12:15:00,srv-02,216.4,60.6,51.4
2024-06-01 12:30:00,srv-02,212.6,59.8,45.6
2024-06-01 12:45:00,srv-02,240.5,62.1,28.1
2024-06-01 13:00:00,srv-02,245.0,57.7,41.5
2024-06-01 13:15:00,srv-02,235.6,66.8,42.7
2024-06-01 13:30:00,srv-02,234.3,55.5,40.6
2024-06-01 13:45:00,srv-02,248.3,59.8,37.5
2024-06-01 14:00:00,srv-02,227.4,61.6,43.8
2024-06-01 14:15:00,srv-02,256.4,57.0,42.6
2024-06-01 14:30:00,srv-02,234.2,59.7,42.0
2024-06-01 14:45:00,srv-02,242.1,61.6,34.7
2024-06-01 15:00:00,srv-02,224.8,64.5,38.9
2024-06-01 15:15:00,srv-02,240.6,63.2,42.3
2024-06-01 15:30:00,srv-02,244.2,62.7,29.4
2024-06-01 15:45:00,srv-02,228.7,61.4,46.9
2024-06-01 16:00:00,srv-02,237.0,57.5,35.9
2024-06-01 16:15:00,srv-02,249.3,59.3,40.0
2024-06-01 16:30:00,srv-02,245.2,51.3,50.0
2024-06-01 16:45:00,srv-02,225.0,60.7,31.5
2024-06-01 17:00:00,srv-02,229.7,63.7,30.4
2024-06-01 17:15:00,srv-02,252.9,59.2,42.4
2024-06-01 17:30:00,srv-02,245.9,61.3,35.7
2024-06-01 17:45:00,srv-02,230.5,55.6,42.5
2024-06-01 18:00:00,srv-02,261.5,54.5,36.2
2024-06-01 18:15:00,srv-02,233.3,60.5,44.4
2024-06-01 18:30:00,srv-02,233.7,59.1,45.5
2024-06-01 18:45:00,srv-02,245.9,61.6,40.6
2024-06-01 19:00:00,srv-02,250.7,58.0,36.0
2024-06-01 19:15:00,srv-02,247.2,55.1,40.5
2024-06-01 19:30:00,srv-02,231.3,55.8,35.3
2024-06-01 19:45:00,srv-02,234.4,63.1,36.7
2024-06-01 20:00:00,srv-02,254.2,60.2,46.6
2024-06-01 20:15:00,srv-02,226.9,59.9,41.8
2024-06-01 20:30:00,srv-02,233.3,62.9,29.0
2024-06-01 20:45:00,srv-02,272.3,62.6,39.1
2024-06-01 21:00:00,srv-02,227.7,57.4,43.2
2024-06-01 21:15:00,srv-02,250.9,59.5,45.5
2024-06-01 21:30:00,srv-02,222.4,56.7,49.1
2024-06-01 21:45:00,srv-02,244.9,64.2,35.7
2024-06-01 22:00:00,srv-02,222.1,58.9,35.9
2024-06-01 22:15:00,srv-02,246.6,57.7,34.1
2024-06-01 22:30:00,srv-02,238.1,56.1,31.0
2024-06-01 22:45:00,srv-02,238.0,54.8,43.9
2024-06-01 23:00:00,srv-02,215.1,53.3,38.5
2024-06-01 23:15:00,srv-02,238.2,61.5,40.9
2024-06-01 23:30:00,srv-02,220.1,62.1,44.8
2024-06-01 23:45:00,srv-02,217.9,59.5,38.6
2024-06-02 00:00:00,srv-02,239.3,59.4,39.7
2024-06-02 00:15:00,srv-02,245.6,56.7,43.7
2024-06-02 00:30:00,srv-02,253.1,64.9,29.3
2024-06-02 00:45:00,srv-02,233.3,54.1,27.8
2024-06-02 01:00:00,srv-02,238.2,58.8,41.5
2024-06-02 01:15:00,srv-02,243.3,63.7,40.3
2024-06-02 01:30:00,srv-02,279.9,60.9,49.2
2024-06-02 01:45:00,srv-02,201.0,64.0,39.1
2024-06-02 02:00:00,srv-02,206.8,61.3,38.5
2024-06-02 02:15:00,srv-02,244.7,63.0,32.6
2024-06-02 02:30:00,srv-02,251.2,60.0,46.8
2024-06-02 02:45:00,srv-02,232.9,58.6,40.1
2024-06-02 03:00:00,srv-02,237.5,58.0,37.5
2024-06-02 03:15:00,srv-02,217.6,58.7,43.4
2024-06-02 03:30:00,srv-02,233.9,63.0,39.1
2024-06-02 03:45:00,srv-02,214.5,61.8,36.6
2024-06-02 04:00:00,srv-02,232.5,63.7,34.2
2024-06-02 04:15:00,srv-02,238.5,59.9,43.5
2024-06-02 04:30:00,srv-02,248.8,60.8,38.2
2024-06-02 04:45:00,srv-02,243.1,64.0,39.9
2024-06-02 05:00:00,srv-02,232.0,61.2,40.2
2024-06-02 05:15:00,srv-02,215.9,60.7,33.3
2024-06-02 05:30:00,srv-02,241.6,57.6,40.2
2024-06-02 05:45:00,srv-02,241.9,67.4,43.7
2024-06-02 06:00:00,srv-02,256.5,65.6,42.4
2024-06-02 06:15:00,srv-02,240.3,56.8,39.4
2024-06-02 06:30:00,srv-02,225.2,58.8,49.4
2024-06-02 06:45:00,srv-02,237.7,57.4,46.9
2024-06-02 07:00:00,srv-02,250.3,63.0,30.0
2024-06-02 07:15:00,srv-02,265.2,58.3,43.9
2024-06-02 07:30:00,srv-02,273.9,66.5,35.1
2024-06-02 07:45:00,srv-02,214.3,64.3,40.7
2024-06-02 08:00:00,srv-02,228.5,61.9,39.2
2024-06-02 08:15:00,srv-02,246.5,60.2,43.6
2024-06-02 08:30:00,srv-02,222.6,64.3,43.5
2024-06-02 08:45:00,srv-02,245.7,56.6,48.5
2024-06-02 09:00:00,srv-02,235.8,62.2,38.4
2024-06-02 09:15:00,srv-02,239.9,60.9,25.9
2024-06-02 09:30:00,srv-02,244.7,65.9,42.7
2024-06-02 09:45:00,srv-02,221.6,61.9,45.3
2024-06-02 10:00:00,srv-02,243.7,59.8,38.8
2024-06-02 10:15:00,srv-02,232.3,62.1,33.0
2024-06-02 10:30:00,srv-02,230.4,64.8,48.2
2024-06-02 10:45:00,srv-02,213.8,56.6,38.6
2024-06-02 11:00:00,srv-02,249.4,54.5,39.7
2024-06-02 11:15:00,srv-02,228.9,64.0,31.6
2024-06-02 11:30:00,srv-02,237.4,58.8,47.3
2024-06-02 11:45:00,srv-02,245.0,58.2,44.3
2024-06-02 12:00:00,srv-02,230.2,63.0,38.8
2024-06-02 12:15:00,srv-02,251.8,61.3,56.3
2024-06-02 12:30:00,srv-02,235.2,61.1,37.6
2024-06-02 12:45:00,srv-02,236.0,51.9,42.3
2024-06-02 13:00:00,srv-02,256.1,61.2,33.4
2024-06-02 13:15:00,srv-02,224.0,52.7,44.9
2024-06-02 13:30:00,srv-02,220.9,59.9,39.2
2024-06-02 13:45:00,srv-02,258.3,60.3,44.0
2024-06-02 14:00:00,srv-02,244.2,64.1,38.8
2024-06-02 14:15:00,srv-02,264.0,54.0,44.3
2024-06-02 14:30:00,srv-02,223.0,58.5,42.8
2024-06-02 14:45:00,srv-02,244.4,61.8,33.1
2024-06-02 15:00:00,srv-02,257.7,57.3,36.2
2024-06-02 15:15:00,srv-02,245.6,59.1,41.5
2024-06-02 15:30:00,srv-02,203.7,60.9,41.1
2024-06-02 15:45:00,srv-02,228.4,53.8,38.9
2024-06-02 16:00:00,srv-02,235.4,58.9,30.8
2024-06-02 16:15:00,srv-02,259.9,58.1,38.9
2024-06-02 16:30:00,srv-02,199.9,64.8,37.7
2024-06-02 16:45:00,srv-02,237.5,63.4,36.6
2024-06-02 17:00:00,srv-02,250.4,53.8,42.8
2024-06-02 17:15:00,srv-02,259.6,58.3,45.6
2024-06-02 17:30:00,srv-02,263.5,59.2,38.3
2024-06-02 17:45:00,srv-02,222.5,58.5,35.9
2024-06-02 18:00:00,srv-02,222.5,63.6,36.1
2024-06-02 18:15:00,srv-02,239.9,60.1,47.5
2024-06-02 18:30:00,srv-02,228.5,61.1,44.0
2024-06-02 18:45:00,srv-02,258.3,58.4,36.9
2024-06-02 19:00:00,srv-02,220.1,66.7,46.9
2024-06-02 19:15:00,srv-02,235.4,65.8,39.5
2024-06-02 19:30:00,srv-02,246.9,60.0,42.0
2024-06-02 19:45:00,srv-02,240.4,58.7,45.5
2024-06-02 20:00:00,srv-02,246.7,63.1,41.6
2024-06-02 20:15:00,srv-02,222.4,65.1,38.7
2024-06-02 20:30:00,srv-02,241.5,61.9,41.8
2024-06-02 20:45:00,srv-02,249.7,63.2,38.9
2024-06-02 21:00:00,srv-02,260.4,59.2,41.7
2024-06-02 21:15:00,srv-02,230.2,58.0,45.2
2024-06-02 21:30:00,srv-02,282.8,58.9,46.1
2024-06-02 21:45:00,srv-02,231.1,60.0,48.8
2024-06-02 22:00:00,srv-02,219.9,56.0,39.6
2024-06-02 22:15:00,srv-02,246.0,61.4,41.8
2024-06-02 22:30:00,srv-02,236.5,62.4,25.4
2024-06-02 22:45:00,srv-02,224.7,59.7,43.5
2024-06-02 23:00:00,srv-02,258.3,57.3,47.3
2024-06-02 23:15:00,srv-02,229.2,59.6,42.9
2024-06-02 23:30:00,srv-02,233.0,63.3,38.0
2024-06-02 23:45:00,srv-02,230.2,63.2,36.2
2024-06-03 00:00:00,srv-02,239.7,55.0,49.1
2024-06-03 00:15:00,srv-02,254.1,68.3,46.7
2024-06-03 00:30:00,srv-02,219.1,62.0,35.4
2024-06-03 00:45:00,srv-02,259.7,56.7,34.3
2024-06-03 01:00:00,srv-02,211.9,58.5,36.6
2024-06-03 01:15:00,srv-02,217.1,66.0,42.6
2024-06-03 01:30:00,srv-02,242.2,64.8,41.3
2024-06-03 01:45:00,srv-02,224.8,54.9,36.0
2024-06-03 02:00:00,srv-02,258.6,56.2,41.8
2024-06-03 02:15:00,srv-02,251.5,60.9,42.0
2024-06-03 02:30:00,srv-02,245.8,61.1,48.0
2024-06-03 02:45:00,srv-02,220.4,60.7,30.9
2024-06-03 03:00:00,srv-02,204.9,59.8,42.7
2024-06-03 03:15:00,srv-02,260.5,67.3,46.6
2024-06-03 03:30:00,srv-02,246.9,60.5,32.3
2024-06-03 03:45:00,srv-02,233.8,63.9,44.5
2024-06-03 04:00:00,srv-02,216.7,61.8,42.6
2024-06-03 04:15:00,srv-02,241.2,59.9,43.3
2024-06-03 04:30:00,srv-02,246.5,58.1,42.3
2024-06-03 04:45:00,srv-02,233.2,55.5,37.2
2024-06-03 05:00:00,srv-02,212.5,62.9,41.8
2024-06-03 05:15:00,srv-02,230.7,64.3,40.3
2024-06-03 05:30:00,srv-02,214.5,58.7,48.2
2024-06-03 05:45:00,srv-02,226.0,60.8,43.7
2024-06-03 06:00:00,srv-02,244.8,67.3,34.1
2024-06-03 06:15:00,srv-02,219.9,56.5,38.5
2024-06-03 06:30:00,srv-02,252.5,56.9,45.6
2024-06-03 06:45:00,srv-02,236.5,56.7,31.2
2024-06-03 07:00:00,srv-02,213.1,58.0,39.2
2024-06-03 07:15:00,srv-02,256.2,62.4,35.8
2024-06-03 07:30:00,srv-02,242.1,65.0,49.4
2024-06-03 07:45:00,srv-02,231.3,62.9,46.9
2024-06-03 08:00:00,srv-02,213.4,58.5,51.1
2024-06-03 08:15:00,srv-02,231.5,51.2,39.4
2024-06-03 08:30:00,srv-02,252.9,60.0,43.6
2024-06-03 08:45:00,srv-02,250.1,58.9,37.4
2024-06-03 09:00:00,srv-02,238.3,60.5,40.3
2024-06-03 09:15:00,srv-02,237.4,57.8,43.8
2024-06-03 09:30:00,srv-02,245.0,56.0,38.1
2024-06-03 09:45:00,srv-02,237.4,58.4,43.2
2024-06-03 10:00:00,srv-02,235.0,60.5,38.0
2024-06-03 10:15:00,srv-02,206.1,53.8,42.9
2024-06-03 10:30:00,srv-02,240.0,61.3,40.7
2024-06-03 10:45:00,srv-02,239.2,62.9,42.2
2024-06-03 11:00:00,srv-02,251.6,60.5,38.5
2024-06-03 11:15:00,srv-02,238.9,57.5,38.1
2024-06-03 11:30:00,srv-02,238.7,60.5,39.5
2024-06-03 11:45:00,srv-02,215.2,61.9,44.2
2024-06-03 12:00:00,srv-02,260.7,61.3,40.0
2024-06-03 12:15:00,srv-02,220.8,64.5,41.2
2024-06-03 12:30:00,srv-02,238.9,59.2,38.4
2024-06-03 12:45:00,srv-02,246.3,56.9,48.1
2024-06-03 13:00:00,srv-02,257.1,58.9,35.7
2024-06-03 13:15:00,srv-02,205.8,56.2,43.6
2024-06-03 13:30:00,srv-02,240.7,61.5,30.8
2024-06-03 13:45:00,srv-02,230.1,64.1,39.5
2024-06-03 14:00:00,srv-02,216.9,59.7,36.1
2024-06-03 14:15:00,srv-02,241.0,60.1,42.7
2024-06-03 14:30:00,srv-02,217.7,58.7,45.5
2024-06-03 14:45:00,srv-02,215.7,57.0,41.0
2024-06-03 15:00:00,srv-02,240.3,58.5,38.6
2024-06-03 15:15:00,srv-02,244.0,62.5,34.7
2024-06-03 15:30:00,srv-02,241.5,64.5,39.4
2024-06-03 15:45:00,srv-02,219.8,56.6,39.2
2024-06-03 16:00:00,srv-02,251.5,59.9,40.9
2024-06-03 16:15:00,srv-02,221.1,62.9,34.3
2024-06-03 16:30:00,srv-02,228.4,61.9,29.8
2024-06-03 16:45:00,srv-02,238.6,56.9,40.1
2024-06-03 17:00:00,srv-02,230.7,66.3,38.0
2024-06-03 17:15:00,srv-02,263.6,61.8,36.0
2024-06-03 17:30:00,srv-02,241.0,59.1,41.2
2024-06-03 17:45:00,srv-02,225.3,65.1,44.6
2024-06-03 18:00:00,srv-02,236.5,65.2,40.4
2024-06-03 18:15:00,srv-02,252.5,60.1,42.0
2024-06-03 18:30:00,srv-02,234.8,60.3,40.9
2024-06-03 18:45:00,srv-02,226.0,58.8,38.9
2024-06-03 19:00:00,srv-02,239.4,59.9,45.9
2024-06-03 19:15:00,srv-02,248.7,59.4,46.9
2024-06-03 19:30:00,srv-02,264.1,53.9,44.7
2024-06-03 19:45:00,srv-02,225.6,62.4,46.2
2024-06-03 20:00:00,srv-02,222.8,54.4,44.2
2024-06-03 20:15:00,srv-02,238.0,55.0,52.6
2024-06-03 20:30:00,srv-02,245.4,62.0,46.8
2024-06-03 20:45:00,srv-02,227.3,60.4,33.4
2024-06-03 21:00:00,srv-02,226.9,61.2,31.7
2024-06-03 21:15:00,srv-02,226.5,57.2,40.7
2024-06-03 21:30:00,srv-02,244.6,62.2,45.0
2024-06-03 21:45:00,srv-02,256.6,61.8,49.4
2024-06-03 22:00:00,srv-02,237.8,59.5,43.0
2024-06-03 22:15:00,srv-02,232.8,65.6,45.7
2024-06-03 22:30:00,srv-02,247.3,60.4,38.0
2024-06-03 22:45:00,srv-02,246.5,56.6,47.7
2024-06-03 23:00:00,srv-02,233.3,60.9,35.5
2024-06-03 23:15:00,srv-02,246.8,58.6,43.2
2024-06-03 23:30:00,srv-02,247.4,58.1,34.4
2024-06-03 23:45:00,srv-02,259.0,59.4,41.1
2024-06-04 00:00:00,srv-02,243.3,56.2,42.3
2024-06-04 00:15:00,srv-02,237.5,58.1,34.2
2024-06-04 00:30:00,srv-02,245.1,63.4,40.9
2024-06-04 00:45:00,srv-02,214.5,56.8,37.8
2024-06-04 01:00:00,srv-02,259.5,59.3,37.7
2024-06-04 01:15:00,srv-02,210.9,58.0,33.8
2024-06-04 01:30:00,srv-02,221.0,60.4,38.0
2024-06-04 01:45:00,srv-02,261.5,63.2,37.0
2024-06-04 02:00:00,srv-02,222.2,64.1,48.3
2024-06-04 02:15:00,srv-02,203.1,60.3,38.7
2024-06-04 02:30:00,srv-02,245.7,65.8,37.6
2024-06-04 02:45:00,srv-02,205.1,61.7,46.9
2024-06-04 03:00:00,srv-02,231.4,57.9,37.8
2024-06-04 03:15:00,srv-02,248.8,58.6,41.6
2024-06-04 03:30:00,srv-02,236.4,59.8,43.5
2024-06-04 03:45:00,srv-02,228.8,58.7,44.0
2024-06-04 04:00:00,srv-02,221.2,57.4,33.7
2024-06-04 04:15:00,srv-02,248.7,59.7,33.4
2024-06-04 04:30:00,srv-02,248.8,58.3,35.6
2024-06-04 04:45:00,srv-02,233.1,64.4,38.0
2024-06-04 05:00:00,srv-02,244.6,62.2,42.2
2024-06-04 05:15:00,srv-02,255.1,57.9,34.8
2024-06-04 05:30:00,srv-02,220.1,59.6,35.3
2024-06-04 05:45:00,srv-02,238.2,60.2,45.1
2024-06-04 06:00:00,srv-02,240.4,58.8,42.1
2024-06-04 06:15:00,srv-02,220.5,59.9,41.6
2024-06-04 06:30:00,srv-02,237.9,61.2,36.8
2024-06-04 06:45:00,srv-02,253.3,65.5,32.0
2024-06-04 07:00:00,srv-02,217.8,60.1,38.7
2024-06-04 07:15:00,srv-02,264.4,60.7,47.0
2024-06-04 07:30:00,srv-02,205.3,62.4,36.4
2024-06-04 07:45:00,srv-02,225.0,59.3,32.9
2024-06-04 08:00:00,srv-02,242.6,60.6,41.3
2024-06-04 08:15:00,srv-02,249.3,64.5,38.2
2024-06-04 08:30:00,srv-02,243.2,60.9,41.9
2024-06-04 08:45:00,srv-02,241.9,64.8,37.7
2024-06-04 09:00:00,srv-02,213.1,57.9,43.8
2024-06-04 09:15:00,srv-02,236.3,58.6,34.6
2024-06-04 09:30:00,srv-02,239.3,61.9,41.5
2024-06-04 09:45:00,srv-02,232.2,60.4,40.7
2024-06-04 10:00:00,srv-02,238.8,56.4,41.0
2024-06-04 10:15:00,srv-02,229.4,63.1,40.7
2024-06-04 10:30:00,srv-02,248.5,59.1,38.7
2024-06-04 10:45:00,srv-02,258.4,61.3,36.4
2024-06-04 11:00:00,srv-02,249.5,58.4,41.1
2024-06-04 11:15:00,srv-02,263.6,55.7,39.1
2024-06-04 11:30:00,srv-02,242.1,62.3,33.8
2024-06-04 11:45:00,srv-02,213.0,63.3,36.4
2024-06-04 12:00:00,srv-02,224.6,64.7,40.3
2024-06-04 12:15:00,srv-02,237.1,59.5,33.9
2024-06-04 12:30:00,srv-02,246.1,61.2,40.8
2024-06-04 12:45:00,srv-02,234.3,59.1,44.6
2024-06-04 13:00:00,srv-02,233.9,59.8,42.6
2024-06-04 13:15:00,srv-02,239.1,64.9,31.2
2024-06-04 13:30:00,srv-02,240.5,57.9,35.3
2024-06-04 13:45:00,srv-02,229.1,60.2,40.5
2024-06-04 14:00:00,srv-02,213.2,58.4,41.4
2024-06-04 14:15:00,srv-02,222.8,56.7,28.7
2024-06-04 14:30:00,srv-02,226.1,56.6,35.1
2024-06-04 14:45:00,srv-02,231.9,58.2,34.2
2024-06-04 15:00:00,srv-02,204.3,60.9,43.8
2024-06-04 15:15:00,srv-02,230.0,59.2,40.0
2024-06-04 15:30:00,srv-02,259.7,55.3,37.9
2024-06-04 15:45:00,srv-02,210.2,61.1,39.3
2024-06-04 16:00:00,srv-02,239.0,60.5,45.0
2024-06-04 16:15:00,srv-02,244.1,62.5,34.7
2024-06-04 16:30:00,srv-02,253.9,57.8,36.7
2024-06-04 16:45:00,srv-02,240.1,60.9,34.6
2024-06-04 17:00:00,srv-02,233.4,64.5,32.7
2024-06-04 17:15:00,srv-02,258.3,59.3,28.3
2024-06-04 17:30:00,srv-02,215.5,57.1,36.9
2024-06-04 17:45:00,srv-02,234.4,51.9,40.9
2024-06-04 18:00:00,srv-02,220.2,64.2,38.6
2024-06-04 18:15:00,srv-02,250.1,63.3,45.4
2024-06-04 18:30:00,srv-02,227.5,58.3,38.9
2024-06-04 18:45:00,srv-02,245.5,58.5,39.4
2024-06-04 19:00:00,srv-02,240.1,57.3,35.2
2024-06-04 19:15:00,srv-02,233.6,59.9,42.2
2024-06-04 19:30:00,srv-02,246.1,56.7,35.9
2024-06-04 19:45:00,srv-02,221.4,64.2,39.4
2024-06-04 20:00:00,srv-02,236.2,60.2,36.4
2024-06-04 20:15:00,srv-02,259.5,61.2,40.2
2024-06-04 20:30:00,srv-02,219.4,56.5,38.5
2024-06-04 20:45:00,srv-02,225.5,56.8,38.1
2024-06-04 21:00:00,srv-02,232.8,60.4,37.5
2024-06-04 21:15:00,srv-02,220.9,57.1,46.1
2024-06-04 21:30:00,srv-02,217.2,61.1,42.6
2024-06-04 21:45:00,srv-02,234.2,65.3,42.5
2024-06-04 22:00:00,srv-02,263.6,58.0,36.8
2024-06-04 22:15:00,srv-02,243.9,59.2,48.4
2024-06-04 22:30:00,srv-02,241.1,56.9,31.3
2024-06-04 22:45:00,srv-02,234.8,59.7,41.6
2024-06-04 23:00:00,srv-02,254.2,63.2,37.1
2024-06-04 23:15:00,srv-02,216.6,56.3,36.3
2024-06-04 23:30:00,srv-02,230.5,60.9,36.0
2024-06-04 23:45:00,srv-02,240.2,61.1,40.7
2024-06-05 00:00:00,srv-02,219.1,61.4,50.4
2024-06-05 00:15:00,srv-02,239.7,51.1,46.2
2024-06-05 00:30:00,srv-02,225.5,66.8,40.6
2024-06-05 00:45:00,srv-02,210.7,53.8,47.7
2024-06-05 01:00:00,srv-02,252.6,66.7,40.1
2024-06-05 01:15:00,srv-02,235.2,58.9,36.7
2024-06-05 01:30:00,srv-02,230.1,60.7,35.8
2024-06-05 01:45:00,srv-02,211.0,60.5,35.7
2024-06-05 02:00:00,srv-02,187.4,61.7,34.5
2024-06-05 02:15:00,srv-02,245.9,61.9,41.4
2024-06-05 02:30:00,srv-02,273.5,59.6,38.6
2024-06-05 02:45:00,srv-02,246.3,59.8,45.8
2024-06-05 03:00:00,srv-02,217.0,56.2,43.8
2024-06-05 03:15:00,srv-02,218.5,61.8,41.9
2024-06-05 03:30:00,srv-02,225.6,61.1,33.8
2024-06-05 03:45:00,srv-02,221.0,59.3,40.4
2024-06-05 04:00:00,srv-02,231.4,61.3,41.9
2024-06-05 04:15:00,srv-02,258.9,59.7,46.0
2024-06-05 04:30:00,srv-02,249.8,66.9,39.4
2024-06-05 04:45:00,srv-02,229.7,63.8,41.9
2024-06-05 05:00:00,srv-02,255.2,62.2,29.5
2024-06-05 05:15:00,srv-02,241.6,60.9,40.7
2024-06-05 05:30:00,srv-02,234.0,55.2,44.4
2024-06-05 05:45:00,srv-02,241.6,63.3,32.3
2024-06-05 06:00:00,srv-02,243.6,59.3,40.7
2024-06-05 06:15:00,srv-02,232.7,61.6,39.2
2024-06-05 06:30:00,srv-02,220.2,60.3,38.9
2024-06-05 06:45:00,srv-02,234.7,50.4,43.4
2024-06-05 07:00:00,srv-02,231.3,56.0,44.6
2024-06-05 07:15:00,srv-02,245.5,59.0,34.2
2024-06-05 07:30:00,srv-02,238.7,60.4,44.6
2024-06-05 07:45:00,srv-02,229.3,63.6,37.3
2024-06-05 08:00:00,srv-02,215.8,56.6,39.7
2024-06-05 08:15:00,srv-02,235.0,61.0,39.5
2024-06-05 08:30:00,srv-02,250.7,59.2,30.0
2024-06-05 08:45:00,srv-02,234.2,54.0,41.4
2024-06-05 09:00:00,srv-02,251.9,57.0,47.1
2024-06-05 09:15:00,srv-02,248.6,63.6,40.9
2024-06-05 09:30:00,srv-02,221.1,62.3,36.9
2024-06-05 09:45:00,srv-02,237.8,59.5,45.6
2024-06-05 10:00:00,srv-02,247.0,59.8,30.2
2024-06-05 10:15:00,srv-02,226.5,62.1,41.4
2024-06-05 10:30:00,srv-02,213.5,54.6,41.0
2024-06-05 10:45:00,srv-02,220.1,57.1,43.4
2024-06-05 11:00:00,srv-02,254.0,57.7,39.8
2024-06-05 11:15:00,srv-02,234.9,59.5,40.2
2024-06-05 11:30:00,srv-02,247.3,58.0,32.4
2024-06-05 11:45:00,srv-02,261.4,63.3,34.5
2024-06-05 12:00:00,srv-02,238.0,63.0,43.7
2024-06-05 12:15:00,srv-02,242.9,59.5,48.6
2024-06-05 12:30:00,srv-02,239.3,58.5,44.4
2024-06-05 12:45:00,srv-02,237.4,61.0,41.0
2024-06-05 13:00:00,srv-02,243.5,57.1,32.7
2024-06-05 13:15:00,srv-02,257.5,60.7,43.9
2024-06-05 13:30:00,srv-02,209.6,63.2,37.4
2024-06-05 13:45:00,srv-02,223.9,59.8,35.1
2024-06-05 14:00:00,srv-02,236.0,59.6,45.3
2024-06-05 14:15:00,srv-02,258.7,64.4,28.7
2024-06-05 14:30:00,srv-02,222.0,53.2,34.0
2024-06-05 14:45:00,srv-02,226.3,61.2,37.4
2024-06-05 15:00:00,srv-02,228.6,60.5,31.5
2024-06-05 15:15:00,srv-02,223.4,58.5,39.0
2024-06-05 15:30:00,srv-02,237.2,64.5,44.5
2024-06-05 15:45:00,srv-02,224.5,59.2,38.4
2024-06-05 16:00:00,srv-02,228.3,60.8,30.7
2024-06-05 16:15:00,srv-02,249.2,65.1,38.7
2024-06-05 16:30:00,srv-02,231.7,60.5,45.1
2024-06-05 16:45:00,srv-02,231.1,62.8,42.4
2024-06-05 17:00:00,srv-02,271.4,59.0,30.1
2024-06-05 17:15:00,srv-02,214.5,60.0,45.1
2024-06-05 17:30:00,srv-02,226.2,59.3,43.4
2024-06-05 17:45:00,srv-02,221.5,58.2,34.2
2024-06-05 18:00:00,srv-02,253.7,64.6,32.1
2024-06-05 18:15:00,srv-02,233.9,64.2,42.0
2024-06-05 18:30:00,srv-02,228.7,55.4,45.8
2024-06-05 18:45:00,srv-02,241.4,55.6,45.9
2024-06-05 19:00:00,srv-02,212.0,59.3,38.7
2024-06-05 19:15:00,srv-02,260.3,59.2,38.7
2024-06-05 19:30:00,srv-02,215.6,58.1,35.9
2024-06-05 19:45:00,srv-02,224.5,60.0,27.8
2024-06-05 20:00:00,srv-02,213.3,59.7,40.6
2024-06-05 20:15:00,srv-02,232.5,59.9,38.0
2024-06-05 20:30:00,srv-02,235.7,61.3,42.1
2024-06-05 20:45:00,srv-02,225.7,62.7,40.8
2024-06-05 21:00:00,srv-02,254.5,64.3,32.8
2024-06-05 21:15:00,srv-02,223.1,62.4,31.7
2024-06-05 21:30:00,srv-02,257.3,59.0,42.9
2024-06-05 21:45:00,srv-02,234.3,55.8,45.3
2024-06-05 22:00:00,srv-02,277.3,58.5,38.4
2024-06-05 22:15:00,srv-02,196.3,64.1,44.6
2024-06-05 22:30:00,srv-02,210.0,53.8,30.3
2024-06-05 22:45:00,srv-02,245.7,62.2,35.4
2024-06-05 23:00:00,srv-02,243.5,60.5,38.2
2024-06-05 23:15:00,srv-02,250.6,56.4,45.7
2024-06-05 23:30:00,srv-02,225.1,65.3,35.0
2024-06-05 23:45:00,srv-02,230.7,60.2,40.3
2024-06-06 00:00:00,srv-02,243.4,56.1,39.8
2024-06-06 00:15:00,srv-02,238.1,58.4,42.0
2024-06-06 00:30:00,srv-02,215.8,59.0,36.2
2024-06-06 00:45:00,srv-02,231.1,64.3,47.3
2024-06-06 01:00:00,srv-02,255.1,58.6,44.5
2024-06-06 01:15:00,srv-02,237.7,60.1,39.6
2024-06-06 01:30:00,srv-02,262.4,64.1,43.7
2024-06-06 01:45:00,srv-02,233.4,60.1,42.7
2024-06-06 02:00:00,srv-02,228.2,62.8,35.4
2024-06-06 02:15:00,srv-02,241.9,53.1,37.2
2024-06-06 02:30:00,srv-02,267.2,63.1,47.7
2024-06-06 02:45:00,srv-02,226.0,60.3,46.4
2024-06-06 03:00:00,srv-02,245.5,61.5,48.2
2024-06-06 03:15:00,srv-02,220.4,59.4,31.2
2024-06-06 03:30:00,srv-02,219.6,63.2,35.4
2024-06-06 03:45:00,srv-02,247.0,65.0,39.1
2024-06-06 04:00:00,srv-02,243.8,62.2,33.9
2024-06-06 04:15:00,srv-02,226.8,57.0,37.3
2024-06-06 04:30:00,srv-02,246.7,58.2,39.8
2024-06-06 04:45:00,srv-02,220.4,63.7,37.3
2024-06-06 05:00:00,srv-02,258.8,60.2,33.0
2024-06-06 05:15:00,srv-02,233.4,56.8,42.9
2024-06-06 05:30:00,srv-02,232.1,60.5,38.2
2024-06-06 05:45:00,srv-02,227.7,57.1,44.2
2024-06-06 06:00:00,srv-02,233.4,59.1,39.0
2024-06-06 06:15:00,srv-02,225.8,59.1,41.0
2024-06-06 06:30:00,srv-02,220.5,57.3,46.9
2024-06-06 06:45:00,srv-02,230.6,58.3,33.3
2024-06-06 07:00:00,srv-02,248.8,56.8,39.9
2024-06-06 07:15:00,srv-02,210.4,62.5,45.9
2024-06-06 07:30:00,srv-02,243.3,55.4,44.2
2024-06-06 07:45:00,srv-02,223.6,56.5,38.1
2024-06-06 08:00:00,srv-02,229.9,58.5,46.4
2024-06-06 08:15:00,srv-02,266.2,55.9,36.6
2024-06-06 08:30:00,srv-02,238.1,58.8,42.0
2024-06-06 08:45:00,srv-02,249.7,62.2,43.0
2024-06-06 09:00:00,srv-02,260.9,55.2,47.4
2024-06-06 09:15:00,srv-02,229.8,62.4,34.9
2024-06-06 09:30:00,srv-02,222.4,62.0,30.4
2024-06-06 09:45:00,srv-02,250.8,63.8,40.9
2024-06-06 10:00:00,srv-02,238.1,57.5,43.4
2024-06-06 10:15:00,srv-02,241.2,57.2,38.0
2024-06-06 10:30:00,srv-02,233.6,58.8,33.2
2024-06-06 10:45:00,srv-02,246.5,59.3,40.1
2024-06-06 11:00:00,srv-02,227.3,61.4,41.0
2024-06-06 11:15:00,srv-02,254.2,61.4,39.0
2024-06-06 11:30:00,srv-02,224.9,62.6,38.6
2024-06-06 11:45:00,srv-02,233.4,59.5,38.0
2024-06-06 12:00:00,srv-02,233.7,65.8,34.8
2024-06-06 12:15:00,srv-02,223.8,64.2,38.1
2024-06-06 12:30:00,srv-02,229.2,63.1,32.9
2024-06-06 12:45:00,srv-02,248.3,60.1,42.3
2024-06-06 13:00:00,srv-02,242.7,58.1,45.3
2024-06-06 13:15:00,srv-02,227.7,61.2,46.2
2024-06-06 13:30:00,srv-02,256.7,59.2,42.3
2024-06-06 13:45:00,srv-02,230.6,67.5,43.9
2024-06-06 14:00:00,srv-02,237.3,60.9,42.0
2024-06-06 14:15:00,srv-02,242.6,59.3,38.0
2024-06-06 14:30:00,srv-02,233.7,56.6,43.6
2024-06-06 14:45:00,srv-02,224.0,56.8,39.9
2024-06-06 15:00:00,srv-02,234.0,60.7,37.2
2024-06-06 15:15:00,srv-02,230.1,62.1,43.2
2024-06-06 15:30:00,srv-02,244.8,60.1,40.8
2024-06-06 15:45:00,srv-02,239.5,58.0,47.4
2024-06-06 16:00:00,srv-02,256.0,62.4,37.9
2024-06-06 16:15:00,srv-02,244.1,62.9,33.9
2024-06-06 16:30:00,srv-02,261.4,54.8,43.5
2024-06-06 16:45:00,srv-02,257.8,59.7,39.2
2024-06-06 17:00:00,srv-02,246.0,65.6,38.6
2024-06-06 17:15:00,srv-02,224.3,58.7,32.2
2024-06-06 17:30:00,srv-02,249.5,58.5,39.0
2024-06-06 17:45:00,srv-02,249.6,58.9,43.8
2024-06-06 18:00:00,srv-02,220.4,62.9,41.7
2024-06-06 18:15:00,srv-02,234.7,60.4,33.6
2024-06-06 18:30:00,srv-02,237.6,59.6,33.7
2024-06-06 18:45:00,srv-02,225.9,59.6,37.0
2024-06-06 19:00:00,srv-02,199.8,63.2,39.3
2024-06-06 19:15:00,srv-02,201.9,66.4,46.2
2024-06-06 19:30:00,srv-02,230.8,57.5,42.0
2024-06-06 19:45:00,srv-02,239.0,61.6,35.8
2024-06-06 20:00:00,srv-02,252.5,58.6,43.4
2024-06-06 20:15:00,srv-02,224.0,67.9,43.5
2024-06-06 20:30:00,srv-02,279.3,62.5,37.2
2024-06-06 20:45:00,srv-02,248.4,62.7,41.9
2024-06-06 21:00:00,srv-02,245.5,62.3,35.0
2024-06-06 21:15:00,srv-02,220.0,57.6,40.6
2024-06-06 21:30:00,srv-02,232.7,57.1,43.9
2024-06-06 21:45:00,srv-02,240.2,60.5,38.7
2024-06-06 22:00:00,srv-02,230.3,57.5,44.7
2024-06-06 22:15:00,srv-02,225.4,60.6,48.3
2024-06-06 22:30:00,srv-02,231.0,62.9,42.8
2024-06-06 22:45:00,srv-02,240.7,61.3,39.5
2024-06-06 23:00:00,srv-02,236.5,58.4,40.2
2024-06-06 23:15:00,srv-02,227.2,63.0,31.5
2024-06-06 23:30:00,srv-02,243.2,61.0,41.2
2024-06-06 23:45:00,srv-02,251.4,59.1,41.3
2024-06-07 00:00:00,srv-02,210.3,58.8,44.3
2024-06-07 00:15:00,srv-02,215.9,60.5,36.6
2024-06-07 00:30:00,srv-02,234.3,58.1,33.8
2024-06-07 00:45:00,srv-02,241.8,59.9,43.1
2024-06-07 01:00:00,srv-02,247.9,63.7,40.7
2024-06-07 01:15:00,srv-02,255.0,57.1,44.5
2024-06-07 01:30:00,srv-02,242.9,60.7,42.2
2024-06-07 01:45:00,srv-02,221.6,56.4,48.5
2024-06-07 02:00:00,srv-02,233.5,59.5,34.5
2024-06-07 02:15:00,srv-02,213.8,59.7,38.3
2024-06-07 02:30:00,srv-02,236.0,60.3,52.4
2024-06-07 02:45:00,srv-02,230.9,64.7,48.2
2024-06-07 03:00:00,srv-02,247.3,59.3,33.2
2024-06-07 03:15:00,srv-02,243.2,63.1,48.7
2024-06-07 03:30:00,srv-02,221.8,59.3,35.3
2024-06-07 03:45:00,srv-02,226.5,62.0,36.6
2024-06-07 04:00:00,srv-02,223.6,62.4,42.3
2024-06-07 04:15:00,srv-02,241.3,58.0,46.5
2024-06-07 04:30:00,srv-02,236.2,67.1,40.8
2024-06-07 04:45:00,srv-02,201.0,52.9,43.1
2024-06-07 05:00:00,srv-02,255.5,57.6,50.5
2024-06-07 05:15:00,srv-02,260.9,60.6,42.7
2024-06-07 05:30:00,srv-02,249.4,65.7,43.4
2024-06-07 05:45:00,srv-02,238.8,62.0,42.7
2024-06-07 06:00:00,srv-02,249.9,55.3,41.6
2024-06-07 06:15:00,srv-02,242.9,59.8,43.9
2024-06-07 06:30:00,srv-02,264.8,60.4,43.5
2024-06-07 06:45:00,srv-02,260.1,60.5,35.6
2024-06-07 07:00:00,srv-02,245.2,53.4,28.5
2024-06-07 07:15:00,srv-02,241.0,53.0,33.4
2024-06-07 07:30:00,srv-02,230.3,57.8,39.3
2024-06-07 07:45:00,srv-02,252.7,60.7,35.8
2024-06-07 08:00:00,srv-02,256.3,55.7,41.1
2024-06-07 08:15:00,srv-02,212.9,60.8,38.4
2024-06-07 08:30:00,srv-02,252.2,62.2,37.1
2024-06-07 08:45:00,srv-02,224.3,59.1,49.4
2024-06-07 09:00:00,srv-02,260.3,57.1,44.0
2024-06-07 09:15:00,srv-02,210.0,58.7,35.4
2024-06-07 09:30:00,srv-02,252.0,56.1,42.1
2024-06-07 09:45:00,srv-02,236.0,59.5,48.4
2024-06-07 10:00:00,srv-02,262.4,59.6,38.3
2024-06-07 10:15:00,srv-02,213.4,60.0,49.8
2024-06-07 10:30:00,srv-02,234.1,62.2,33.0
2024-06-07 10:45:00,srv-02,229.5,61.4,40.5
2024-06-07 11:00:00,srv-02,248.4,58.2,31.3
2024-06-07 11:15:00,srv-02,252.8,57.2,42.5
2024-06-07 11:30:00,srv-02,242.8,55.0,45.2
2024-06-07 11:45:00,srv-02,227.5,60.2,38.2
2024-06-07 12:00:00,srv-02,260.3,64.0,30.9
2024-06-07 12:15:00,srv-02,269.9,58.0,50.5
2024-06-07 12:30:00,srv-02,232.2,59.0,38.8
2024-06-07 12:45:00,srv-02,230.0,67.6,39.6
2024-06-07 13:00:00,srv-02,231.5,60.2,35.2
2024-06-07 13:15:00,srv-02,260.0,55.6,36.9
2024-06-07 13:30:00,srv-02,250.0,60.1,42.7
2024-06-07 13:45:00,srv-02,259.0,63.0,40.7
2024-06-07 14:00:00,srv-02,267.3,58.1,39.5
2024-06-07 14:15:00,srv-02,235.5,59.7,34.7
2024-06-07 14:30:00,srv-02,212.2,61.3,36.8
2024-06-07 14:45:00,srv-02,264.6,59.8,38.7
2024-06-07 15:00:00,srv-02,252.4,61.2,39.1
2024-06-07 15:15:00,srv-02,226.4,71.0,41.8
2024-06-07 15:30:00,srv-02,252.3,56.9,37.1
2024-06-07 15:45:00,srv-02,267.7,64.2,42.3
2024-06-07 16:00:00,srv-02,230.3,59.3,36.6
2024-06-07 16:15:00,srv-02,218.6,62.8,42.7
2024-06-07 16:30:00,srv-02,247.0,59.0,41.3
2024-06-07 16:45:00,srv-02,229.5,57.8,48.3
2024-06-07 17:00:00,srv-02,237.8,61.5,44.2
2024-06-07 17:15:00,srv-02,238.0,60.7,34.6
2024-06-07 17:30:00,srv-02,222.6,57.2,43.0
2024-06-07 17:45:00,srv-02,237.1,57.3,42.9
2024-06-07 18:00:00,srv-02,244.2,57.9,39.9
2024-06-07 18:15:00,srv-02,244.2,57.4,42.8
2024-06-07 18:30:00,srv-02,240.5,57.0,41.1
2024-06-07 18:45:00,srv-02,241.5,58.1,37.3
2024-06-07 19:00:00,srv-02,220.9,58.7,39.9
2024-06-07 19:15:00,srv-02,227.8,55.5,36.6
2024-06-07 19:30:00,srv-02,229.7,62.5,43.0
2024-06-07 19:45:00,srv-02,248.5,57.8,40.7
2024-06-07 20:00:00,srv-02,199.7,61.3,43.1
2024-06-07 20:15:00,srv-02,230.7,60.9,32.4
2024-06-07 20:30:00,srv-02,224.0,62.3,42.6
2024-06-07 20:45:00,srv-02,229.8,62.4,40.7
2024-06-07 21:00:00,srv-02,228.4,59.5,37.7
2024-06-07 21:15:00,srv-02,218.2,63.8,37.2
2024-06-07 21:30:00,srv-02,223.5,55.4,26.8
2024-06-07 21:45:00,srv-02,246.5,62.4,46.0
2024-06-07 22:00:00,srv-02,233.8,59.0,37.5
2024-06-07 22:15:00,srv-02,229.8,63.4,39.9
2024-06-07 22:30:00,srv-02,241.7,58.7,46.6
2024-06-07 22:45:00,srv-02,207.4,56.3,41.9
2024-06-07 23:00:00,srv-02,262.3,59.3,35.8
2024-06-07 23:15:00,srv-02,251.0,61.0,46.5
2024-06-07 23:30:00,srv-02,216.6,63.6,32.3
2024-06-07 23:45:00,srv-02,231.7,61.2,40.9
2024-06-08 00:00:00,srv-02,251.9,54.5,40.7
2024-06-01 00:00:00,srv-03,250.9,55.8,34.2
2024-06-01 00:15:00,srv-03,195.4,57.6,44.8
2024-06-01 00:30:00,srv-03,245.8,59.3,39.9
2024-06-01 00:45:00,srv-03,227.7,60.6,43.8
2024-06-01 01:00:00,srv-03,213.8,60.9,44.7
2024-06-01 01:15:00,srv-03,231.8,62.1,54.1
2024-06-01 01:30:00,srv-03,236.4,61.2,36.3
2024-06-01 01:45:00,srv-03,240.7,61.4,41.0
2024-06-01 02:00:00,srv-03,222.7,60.6,47.3
2024-06-01 02:15:00,srv-03,244.7,62.9,38.8
2024-06-01 02:30:00,srv-03,249.2,60.8,35.2
2024-06-01 02:45:00,srv-03,242.8,57.0,36.8
2024-06-01 03:00:00,srv-03,240.8,60.9,34.1
2024-06-01 03:15:00,srv-03,253.8,61.7,36.5
2024-06-01 03:30:00,srv-03,214.9,59.6,37.8
2024-06-01 03:45:00,srv-03,239.7,58.9,30.0
2024-06-01 04:00:00,srv-03,232.2,59.1,43.2
2024-06-01 04:15:00,srv-03,227.5,65.0,30.4
2024-06-01 04:30:00,srv-03,257.7,59.3,44.3
2024-06-01 04:45:00,srv-03,239.2,63.4,38.1
2024-06-01 05:00:00,srv-03,221.5,64.3,39.4
2024-06-01 05:15:00,srv-03,241.3,63.7,34.8
2024-06-01 05:30:00,srv-03,246.9,58.2,39.3
2024-06-01 05:45:00,srv-03,239.1,55.5,36.1
2024-06-01 06:00:00,srv-03,258.3,62.7,39.7
2024-06-01 06:15:00,srv-03,241.6,59.1,46.8
2024-06-01 06:30:00,srv-03,235.0,60.7,45.7
2024-06-01 06:45:00,srv-03,226.3,64.7,32.3
2024-06-01 07:00:00,srv-03,262.4,58.9,38.8
2024-06-01 07:15:00,srv-03,209.6,58.6,34.8
2024-06-01 07:30:00,srv-03,228.9,59.6,44.8
2024-06-01 07:45:00,srv-03,241.1,60.9,34.5
2024-06-01 08:00:00,srv-03,224.8,65.4,36.3
2024-06-01 08:15:00,srv-03,262.8,59.3,40.0
2024-06-01 08:30:00,srv-03,254.1,63.8,39.4
2024-06-01 08:45:00,srv-03,232.2,59.8,41.7
2024-06-01 09:00:00,srv-03,251.4,60.0,43.1
2024-06-01 09:15:00,srv-03,262.6,61.1,41.6
2024-06-01 09:30:00,srv-03,215.2,52.1,41.9
2024-06-01 09:45:00,srv-03,236.6,58.5,41.2
2024-06-01 10:00:00,srv-03,237.1,63.4,40.4
2024-06-01 10:15:00,srv-03,226.8,63.0,38.9
2024-06-01 10:30:00,srv-03,245.9,58.6,36.8
2024-06-01 10:45:00,srv-03,239.3,60.0,42.4
2024-06-01 11:00:00,srv-03,234.0,54.5,37.8
2024-06-01 11:15:00,srv-03,249.9,59.1,38.8
2024-06-01 11:30:00,srv-03,252.8,57.9,32.3
2024-06-01 11:45:00,srv-03,235.6,58.5,35.2
2024-06-01 12:00:00,srv-03,235.4,61.5,40.0
2024-06-01 12:15:00,srv-03,242.6,65.4,38.3
2024-06-01 12:30:00,srv-03,242.2,58.5,35.8
2024-06-01 12:45:00,srv-03,229.2,58.6,41.8
2024-06-01 13:00:00,srv-03,273.2,57.9,37.9
2024-06-01 13:15:00,srv-03,237.1,61.2,41.3
2024-06-01 13:30:00,srv-03,257.3,52.7,28.1
2024-06-01 13:45:00,srv-03,230.6,63.3,32.2
2024-06-01 14:00:00,srv-03,192.9,61.7,41.2
2024-06-01 14:15:00,srv-03,221.6,57.0,35.2
2024-06-01 14:30:00,srv-03,239.7,58.1,42.5
2024-06-01 14:45:00,srv-03,195.2,57.4,34.4
2024-06-01 15:00:00,srv-03,234.2,58.4,44.0
2024-06-01 15:15:00,srv-03,210.1,60.1,42.8
2024-06-01 15:30:00,srv-03,265.8,58.6,41.6
2024-06-01 15:45:00,srv-03,210.9,52.8,44.2
2024-06-01 16:00:00,srv-03,237.9,63.5,33.1
2024-06-01 16:15:00,srv-03,245.8,65.6,42.1
2024-06-01 16:30:00,srv-03,242.1,60.0,32.1
2024-06-01 16:45:00,srv-03,258.3,58.2,42.5
2024-06-01 17:00:00,srv-03,214.6,56.5,47.2
2024-06-01 17:15:00,srv-03,232.8,64.4,39.6
2024-06-01 17:30:00,srv-03,210.4,62.7,37.1
2024-06-01 17:45:00,srv-03,248.5,60.1,32.3
2024-06-01 18:00:00,srv-03,240.5,66.6,42.5
2024-06-01 18:15:00,srv-03,237.1,63.2,41.1
2024-06-01 18:30:00,srv-03,241.1,56.7,41.2
2024-06-01 18:45:00,srv-03,253.5,57.5,47.1
2024-06-01 19:00:00,srv-03,236.6,57.3,45.0
2024-06-01 19:15:00,srv-03,233.7,62.3,38.5
2024-06-01 19:30:00,srv-03,237.1,61.5,41.5
2024-06-01 19:45:00,srv-03,208.1,56.6,44.6
2024-06-01 20:00:00,srv-03,236.0,58.4,33.2
2024-06-01 20:15:00,srv-03,221.8,53.9,39.5
2024-06-01 20:30:00,srv-03,229.0,57.1,39.7
2024-06-01 20:45:00,srv-03,243.5,66.3,32.4
2024-06-01 21:00:00,srv-03,255.4,62.9,36.1
2024-06-01 21:15:00,srv-03,241.0,58.6,40.9
2024-06-01 21:30:00,srv-03,260.6,61.8,42.5
2024-06-01 21:45:00,srv-03,231.5,55.5,39.0
2024-06-01 22:00:00,srv-03,256.1,55.4,34.7
2024-06-01 22:15:00,srv-03,239.9,57.0,36.0
2024-06-01 22:30:00,srv-03,231.6,55.9,35.1
2024-06-01 22:45:00,srv-03,248.6,56.1,32.0
2024-06-01 23:00:00,srv-03,228.5,62.2,39.0
2024-06-01 23:15:00,srv-03,231.0,60.1,31.3
2024-06-01 23:30:00,srv-03,245.4,61.2,38.0
2024-06-01 23:45:00,srv-03,253.1,56.6,45.6
2024-06-02 00:00:00,srv-03,240.3,59.0,39.9
2024-06-02 00:15:00,srv-03,236.4,63.7,34.6
2024-06-02 00:30:00,srv-03,226.6,63.1,37.0
2024-06-02 00:45:00,srv-03,251.5,65.1,38.0
2024-06-02 01:00:00,srv-03,248.2,56.5,43.8
2024-06-02 01:15:00,srv-03,241.0,61.4,36.8
2024-06-02 01:30:00,srv-03,213.1,61.5,29.7
2024-06-02 01:45:00,srv-03,233.2,62.8,41.0
2024-06-02 02:00:00,srv-03,267.2,63.1,36.7
2024-06-02 02:15:00,srv-03,238.4,59.9,32.1
2024-06-02 02:30:00,srv-03,223.9,58.3,29.8
2024-06-02 02:45:00,srv-03,238.7,59.3,31.6
2024-06-02 03:00:00,srv-03,244.1,62.1,41.1
2024-06-02 03:15:00,srv-03,233.1,61.8,43.4
2024-06-02 03:30:00,srv-03,242.6,57.5,41.4
2024-06-02 03:45:00,srv-03,255.9,58.2,50.5
2024-06-02 04:00:00,srv-03,230.1,60.1,36.6
2024-06-02 04:15:00,srv-03,241.3,54.8,37.3
2024-06-02 04:30:00,srv-03,221.6,60.4,45.0
2024-06-02 04:45:00,srv-03,247.7,52.9,50.2
2024-06-02 05:00:00,srv-03,242.4,57.7,40.8
2024-06-02 05:15:00,srv-03,240.6,58.0,41.0
2024-06-02 05:30:00,srv-03,228.9,58.8,36.6
2024-06-02 05:45:00,srv-03,216.5,60.4,42.9
2024-06-02 06:00:00,srv-03,245.7,62.5,41.6
2024-06-02 06:15:00,srv-03,230.0,62.5,33.2
2024-06-02 06:30:00,srv-03,224.5,57.1,45.4
2024-06-02 06:45:00,srv-03,252.1,61.5,45.4
2024-06-02 07:00:00,srv-03,224.8,61.0,39.4
2024-06-02 07:15:00,srv-03,250.7,59.7,38.1
2024-06-02 07:30:00,srv-03,246.1,62.6,36.7
2024-06-02 07:45:00,srv-03,237.1,56.8,27.5
2024-06-02 08:00:00,srv-03,241.0,61.8,41.3
2024-06-02 08:15:00,srv-03,208.8,58.9,28.9
2024-06-02 08:30:00,srv-03,258.5,56.7,46.3
2024-06-02 08:45:00,srv-03,252.2,57.3,34.3
2024-06-02 09:00:00,srv-03,243.3,57.5,40.5
2024-06-02 09:15:00,srv-03,230.8,54.7,28.8
2024-06-02 09:30:00,srv-03,241.4,58.3,37.2
2024-06-02 09:45:00,srv-03,248.4,63.5,38.6
2024-06-02 10:00:00,srv-03,232.9,61.5,33.2
2024-06-02 10:15:00,srv-03,241.3,61.7,43.4
2024-06-02 10:30:00,srv-03,208.9,57.7,35.6
2024-06-02 10:45:00,srv-03,239.5,61.4,47.5
2024-06-02 11:00:00,srv-03,230.6,58.5,45.7
2024-06-02 11:15:00,srv-03,242.4,63.8,41.4
2024-06-02 11:30:00,srv-03,220.6,56.0,32.2
2024-06-02 11:45:00,srv-03,247.9,63.6,49.2
2024-06-02 12:00:00,srv-03,250.6,63.5,37.1
2024-06-02 12:15:00,srv-03,220.7,62.6,42.1
2024-06-02 12:30:00,srv-03,239.6,61.2,41.6
2024-06-02 12:45:00,srv-03,257.3,63.9,42.7
2024-06-02 13:00:00,srv-03,250.7,61.5,37.7
2024-06-02 13:15:00,srv-03,249.3,55.8,45.3
2024-06-02 13:30:00,srv-03,220.1,60.9,35.8
2024-06-02 13:45:00,srv-03,246.3,59.9,32.0
2024-06-02 14:00:00,srv-03,244.3,58.3,44.4
2024-06-02 14:15:00,srv-03,238.0,61.2,35.2
2024-06-02 14:30:00,srv-03,229.2,58.6,44.3
2024-06-02 14:45:00,srv-03,263.2,57.6,45.4
2024-06-02 15:00:00,srv-03,205.5,56.4,35.2
2024-06-02 15:15:00,srv-03,217.7,55.2,42.1
2024-06-02 15:30:00,srv-03,234.8,61.1,43.5
2024-06-02 15:45:00,srv-03,242.0,62.0,39.7
2024-06-02 16:00:00,srv-03,220.2,63.2,37.1
2024-06-02 16:15:00,srv-03,224.0,59.5,35.4
2024-06-02 16:30:00,srv-03,231.7,61.0,41.7
2024-06-02 16:45:00,srv-03,224.5,58.5,45.4
2024-06-02 17:00:00,srv-03,245.4,66.2,45.9
2024-06-02 17:15:00,srv-03,255.2,55.8,43.8
2024-06-02 17:30:00,srv-03,237.2,58.3,40.8
2024-06-02 17:45:00,srv-03,252.2,61.5,35.6
2024-06-02 18:00:00,srv-03,249.1,58.1,41.1
2024-06-02 18:15:00,srv-03,233.4,59.3,43.8
2024-06-02 18:30:00,srv-03,222.4,65.8,30.9
2024-06-02 18:45:00,srv-03,229.0,61.1,42.9
2024-06-02 19:00:00,srv-03,236.5,59.8,42.1
2024-06-02 19:15:00,srv-03,234.5,64.2,44.2
2024-06-02 19:30:00,srv-03,251.1,57.1,39.6
2024-06-02 19:45:00,srv-03,233.5,57.0,41.8
2024-06-02 20:00:00,srv-03,229.9,62.0,34.6
2024-06-02 20:15:00,srv-03,263.8,57.3,41.1
2024-06-02 20:30:00,srv-03,249.9,58.3,44.3
2024-06-02 20:45:00,srv-03,219.6,64.4,40.1
2024-06-02 21:00:00,srv-03,229.1,59.1,44.0
2024-06-02 21:15:00,srv-03,229.2,57.8,38.9
2024-06-02 21:30:00,srv-03,220.3,65.5,37.2
2024-06-02 21:45:00,srv-03,250.5,60.6,35.1
2024-06-02 22:00:00,srv-03,237.9,62.4,39.1
2024-06-02 22:15:00,srv-03,255.9,63.1,44.6
2024-06-02 22:30:00,srv-03,231.1,56.8,36.9
2024-06-02 22:45:00,srv-03,240.9,61.6,29.1
2024-06-02 23:00:00,srv-03,237.9,60.5,38.6
2024-06-02 23:15:00,srv-03,257.4,61.3,46.6
2024-06-02 23:30:00,srv-03,234.8,62.8,48.2
2024-06-02 23:45:00,srv-03,257.7,56.7,38.7
2024-06-03 00:00:00,srv-03,232.8,61.5,43.4
2024-06-03 00:15:00,srv-03,225.4,60.2,29.9
2024-06-03 00:30:00,srv-03,259.6,58.5,40.3
2024-06-03 00:45:00,srv-03,233.4,63.4,25.8
2024-06-03 01:00:00,srv-03,237.8,59.7,37.7
2024-06-03 01:15:00,srv-03,263.9,57.3,43.9
2024-06-03 01:30:00,srv-03,243.3,63.8,36.7
2024-06-03 01:45:00,srv-03,227.0,63.3,42.1
2024-06-03 02:00:00,srv-03,214.8,58.4,41.9
2024-06-03 02:15:00,srv-03,250.6,58.0,25.4
2024-06-03 02:30:00,srv-03,245.8,56.3,29.9
2024-06-03 02:45:00,srv-03,195.5,62.4,40.6
2024-06-03 03:00:00,srv-03,234.6,64.2,43.2
2024-06-03 03:15:00,srv-03,262.2,55.8,39.8
2024-06-03 03:30:00,srv-03,213.7,59.3,38.8
2024-06-03 03:45:00,srv-03,247.4,60.1,43.1
2024-06-03 04:00:00,srv-03,248.6,66.5,38.4
2024-06-03 04:15:00,srv-03,223.9,60.7,36.0
2024-06-03 04:30:00,srv-03,260.2,59.2,37.2
2024-06-03 04:45:00,srv-03,230.9,62.2,39.2
2024-06-03 05:00:00,srv-03,228.4,65.0,35.7
2024-06-03 05:15:00,srv-03,238.5,62.0,31.8
2024-06-03 05:30:00,srv-03,245.2,56.8,44.1
2024-06-03 05:45:00,srv-03,223.6,62.1,45.5
2024-06-03 06:00:00,srv-03,250.9,60.8,38.8
2024-06-03 06:15:00,srv-03,229.4,64.4,36.5
2024-06-03 06:30:00,srv-03,222.4,62.0,36.0
2024-06-03 06:45:00,srv-03,223.7,55.7,37.6
2024-06-03 07:00:00,srv-03,236.8,60.7,44.8
2024-06-03 07:15:00,srv-03,245.9,59.4,39.0
2024-06-03 07:30:00,srv-03,245.7,63.8,40.6
2024-06-03 07:45:00,srv-03,231.0,57.0,32.8
2024-06-03 08:00:00,srv-03,248.0,61.7,42.9
2024-06-03 08:15:00,srv-03,236.1,64.2,37.6
2024-06-03 08:30:00,srv-03,252.3,59.9,37.0
2024-06-03 08:45:00,srv-03,246.9,61.2,41.8
2024-06-03 09:00:00,srv-03,239.2,59.9,51.9
2024-06-03 09:15:00,srv-03,255.8,62.2,40.6
2024-06-03 09:30:00,srv-03,253.1,61.6,40.1
2024-06-03 09:45:00,srv-03,233.4,59.8,24.1
2024-06-03 10:00:00,srv-03,241.2,58.5,48.0
2024-06-03 10:15:00,srv-03,238.3,56.4,39.8
2024-06-03 10:30:00,srv-03,222.3,61.4,41.5
2024-06-03 10:45:00,srv-03,252.4,57.6,40.2
2024-06-03 11:00:00,srv-03,217.5,62.1,42.6
2024-06-03 11:15:00,srv-03,245.4,60.0,42.1
2024-06-03 11:30:00,srv-03,262.1,59.1,40.7
2024-06-03 11:45:00,srv-03,221.7,57.4,40.5
2024-06-03 12:00:00,srv-03,254.6,59.2,38.8
2024-06-03 12:15:00,srv-03,231.9,58.4,41.5
2024-06-03 12:30:00,srv-03,215.5,63.8,36.7
2024-06-03 12:45:00,srv-03,248.8,56.2,43.3
2024-06-03 13:00:00,srv-03,248.1,61.2,35.0
2024-06-03 13:15:00,srv-03,241.7,56.5,38.7
2024-06-03 13:30:00,srv-03,253.4,62.4,40.1
2024-06-03 13:45:00,srv-03,223.4,61.9,40.1
2024-06-03 14:00:00,srv-03,203.2,62.3,39.9
2024-06-03 14:15:00,srv-03,256.0,56.7,24.1
2024-06-03 14:30:00,srv-03,242.2,60.9,31.5
2024-06-03 14:45:00,srv-03,223.3,68.3,38.5
2024-06-03 15:00:00,srv-03,249.0,58.0,29.5
2024-06-03 15:15:00,srv-03,235.4,59.2,38.0
2024-06-03 15:30:00,srv-03,236.3,60.8,39.2
2024-06-03 15:45:00,srv-03,219.0,61.5,30.3
2024-06-03 16:00:00,srv-03,207.2,62.2,42.5
2024-06-03 16:15:00,srv-03,237.1,55.8,36.5
2024-06-03 16:30:00,srv-03,234.1,55.2,36.3
2024-06-03 16:45:00,srv-03,247.8,64.3,37.9
2024-06-03 17:00:00,srv-03,249.3,54.3,43.3
2024-06-03 17:15:00,srv-03,225.9,60.9,38.8
2024-06-03 17:30:00,srv-03,257.8,57.4,43.1
2024-06-03 17:45:00,srv-03,233.8,59.5,39.1
2024-06-03 18:00:00,srv-03,225.3,60.0,39.7
2024-06-03 18:15:00,srv-03,241.6,60.3,44.0
2024-06-03 18:30:00,srv-03,251.9,56.8,44.3
2024-06-03 18:45:00,srv-03,220.2,61.8,43.1
2024-06-03 19:00:00,srv-03,209.3,60.3,37.7
2024-06-03 19:15:00,srv-03,226.6,64.1,36.7
2024-06-03 19:30:00,srv-03,225.9,60.2,43.4
2024-06-03 19:45:00,srv-03,235.9,63.5,42.7
2024-06-03 20:00:00,srv-03,205.3,58.4,37.2
2024-06-03 20:15:00,srv-03,245.2,52.1,52.7
2024-06-03 20:30:00,srv-03,246.0,60.4,45.9
2024-06-03 20:45:00,srv-03,273.2,62.6,44.7
2024-06-03 21:00:00,srv-03,240.0,59.6,37.6
2024-06-03 21:15:00,srv-03,225.6,57.9,33.2
2024-06-03 21:30:00,srv-03,236.9,54.9,41.0
2024-06-03 21:45:00,srv-03,237.5,60.4,37.4
2024-06-03 22:00:00,srv-03,284.2,64.1,33.8
2024-06-03 22:15:00,srv-03,241.5,58.2,34.9
2024-06-03 22:30:00,srv-03,217.9,61.3,36.6
2024-06-03 22:45:00,srv-03,252.5,63.0,46.9
2024-06-03 23:00:00,srv-03,225.2,61.4,43.2
2024-06-03 23:15:00,srv-03,230.9,57.7,48.0
2024-06-03 23:30:00,srv-03,241.4,61.9,35.9
2024-06-03 23:45:00,srv-03,219.7,58.3,39.4
2024-06-04 00:00:00,srv-03,222.0,60.0,31.6
2024-06-04 00:15:00,srv-03,221.2,62.0,43.0
2024-06-04 00:30:00,srv-03,232.1,56.9,34.9
2024-06-04 00:45:00,srv-03,232.4,61.9,44.6
2024-06-04 01:00:00,srv-03,230.6,56.5,41.3
2024-06-04 01:15:00,srv-03,225.6,58.4,46.6
2024-06-04 01:30:00,srv-03,250.4,60.5,33.6
2024-06-04 01:45:00,srv-03,241.2,63.2,38.1
2024-06-04 02:00:00,srv-03,258.3,63.9,48.3
2024-06-04 02:15:00,srv-03,242.6,61.8,47.1
2024-06-04 02:30:00,srv-03,244.7,58.5,37.8
2024-06-04 02:45:00,srv-03,241.6,56.1,39.3
2024-06-04 03:00:00,srv-03,254.4,53.4,47.7
2024-06-04 03:15:00,srv-03,254.8,58.6,42.7
2024-06-04 03:30:00,srv-03,238.0,63.7,44.9
2024-06-04 03:45:00,srv-03,217.0,61.8,39.0
2024-06-04 04:00:00,srv-03,239.2,57.8,48.7
2024-06-04 04:15:00,srv-03,253.6,57.8,33.3
2024-06-04 04:30:00,srv-03,232.2,61.3,41.2
2024-06-04 04:45:00,srv-03,256.8,62.4,44.8
2024-06-04 05:00:00,srv-03,242.9,55.8,39.0
2024-06-04 05:15:00,srv-03,253.9,59.8,42.5
2024-06-04 05:30:00,srv-03,233.2,56.9,39.4
2024-06-04 05:45:00,srv-03,242.6,58.0,38.8
2024-06-04 06:00:00,srv-03,223.9,63.4,38.5
2024-06-04 06:15:00,srv-03,259.8,64.6,39.6
2024-06-04 06:30:00,srv-03,222.9,53.7,32.6
2024-06-04 06:45:00,srv-03,217.4,64.1,40.6
2024-06-04 07:00:00,srv-03,243.8,53.3,34.0
2024-06-04 07:15:00,srv-03,251.3,60.9,39.3
2024-06-04 07:30:00,srv-03,246.5,64.9,38.9
2024-06-04 07:45:00,srv-03,239.0,60.6,52.0
2024-06-04 08:00:00,srv-03,206.5,62.0,39.4
2024-06-04 08:15:00,srv-03,246.5,58.0,39.8
2024-06-04 08:30:00,srv-03,248.7,69.3,44.0
2024-06-04 08:45:00,srv-03,225.3,58.7,37.7
2024-06-04 09:00:00,srv-03,211.1,59.0,43.7
2024-06-04 09:15:00,srv-03,218.9,63.1,42.4
2024-06-04 09:30:00,srv-03,227.0,59.6,48.0
2024-06-04 09:45:00,srv-03,249.0,60.0,38.8
2024-06-04 10:00:00,srv-03,239.1,58.5,29.5
2024-06-04 10:15:00,srv-03,268.6,60.5,42.0
2024-06-04 10:30:00,srv-03,237.1,57.8,39.1
2024-06-04 10:45:00,srv-03,214.0,66.8,33.8
2024-06-04 11:00:00,srv-03,222.5,58.7,46.4
2024-06-04 11:15:00,srv-03,238.2,56.3,46.3
2024-06-04 11:30:00,srv-03,249.0,61.6,43.6
2024-06-04 11:45:00,srv-03,273.9,66.6,36.6
2024-06-04 12:00:00,srv-03,262.4,61.1,42.5
2024-06-04 12:15:00,srv-03,212.6,59.5,35.9
2024-06-04 12:30:00,srv-03,250.4,63.2,29.6
2024-06-04 12:45:00,srv-03,237.7,63.4,39.1
2024-06-04 13:00:00,srv-03,248.9,61.1,41.7
2024-06-04 13:15:00,srv-03,233.9,56.4,34.4
2024-06-04 13:30:00,srv-03,248.6,60.1,39.3
2024-06-04 13:45:00,srv-03,231.6,59.1,45.2
2024-06-04 14:00:00,srv-03,233.0,56.0,43.7
2024-06-04 14:15:00,srv-03,234.9,60.1,48.0
2024-06-04 14:30:00,srv-03,237.7,60.9,34.1
2024-06-04 14:45:00,srv-03,234.7,61.8,32.2
2024-06-04 15:00:00,srv-03,241.0,60.3,40.2
2024-06-04 15:15:00,srv-03,253.6,61.0,47.4
2024-06-04 15:30:00,srv-03,223.1,60.4,40.4
2024-06-04 15:45:00,srv-03,222.0,62.9,51.6
2024-06-04 16:00:00,srv-03,237.7,61.5,40.4
2024-06-04 16:15:00,srv-03,227.3,54.5,36.5
2024-06-04 16:30:00,srv-03,217.1,65.1,39.4
2024-06-04 16:45:00,srv-03,232.8,62.7,34.4
2024-06-04 17:00:00,srv-03,226.5,60.2,45.1
2024-06-04 17:15:00,srv-03,245.5,60.7,40.4
2024-06-04 17:30:00,srv-03,244.0,60.6,34.9
2024-06-04 17:45:00,srv-03,238.7,56.8,40.4
2024-06-04 18:00:00,srv-03,230.8,67.6,39.8
2024-06-04 18:15:00,srv-03,216.9,59.6,42.6
2024-06-04 18:30:00,srv-03,263.1,58.2,32.1
2024-06-04 18:45:00,srv-03,250.3,55.9,37.8
2024-06-04 19:00:00,srv-03,234.1,59.8,43.4
2024-06-04 19:15:00,srv-03,227.7,59.2,39.9
2024-06-04 19:30:00,srv-03,240.2,60.3,42.2
2024-06-04 19:45:00,srv-03,250.7,61.2,42.3
2024-06-04 20:00:00,srv-03,214.3,60.2,42.4
2024-06-04 20:15:00,srv-03,248.9,57.9,36.7
2024-06-04 20:30:00,srv-03,229.4,61.6,45.2
2024-06-04 20:45:00,srv-03,231.9,62.7,40.6
2024-06-04 21:00:00,srv-03,236.1,59.4,43.7
2024-06-04 21:15:00,srv-03,242.9,66.8,35.7
2024-06-04 21:30:00,srv-03,245.8,58.4,35.7
2024-06-04 21:45:00,srv-03,237.8,60.4,54.6
2024-06-04 22:00:00,srv-03,235.2,56.6,41.4
2024-06-04 22:15:00,srv-03,206.9,59.7,40.1
2024-06-04 22:30:00,srv-03,249.9,62.9,37.5
2024-06-04 22:45:00,srv-03,235.7,57.7,34.4
2024-06-04 23:00:00,srv-03,242.6,56.2,37.9
2024-06-04 23:15:00,srv-03,223.1,61.6,49.0
2024-06-04 23:30:00,srv-03,218.5,54.4,39.4
2024-06-04 23:45:00,srv-03,238.2,60.7,37.8
2024-06-05 00:00:00,srv-03,235.0,61.1,45.2
2024-06-05 00:15:00,srv-03,208.7,58.9,41.1
2024-06-05 00:30:00,srv-03,224.2,65.2,36.8
2024-06-05 00:45:00,srv-03,237.4,61.7,37.0
2024-06-05 01:00:00,srv-03,210.3,58.7,45.1
2024-06-05 01:15:00,srv-03,232.9,57.5,44.6
2024-06-05 01:30:00,srv-03,233.0,58.5,40.7
2024-06-05 01:45:00,srv-03,249.6,67.1,44.1
2024-06-05 02:00:00,srv-03,255.4,58.5,34.9
2024-06-05 02:15:00,srv-03,238.9,60.3,34.6
2024-06-05 02:30:00,srv-03,235.4,61.2,41.8
2024-06-05 02:45:00,srv-03,245.6,60.9,37.5
2024-06-05 03:00:00,srv-03,230.3,56.4,48.9
2024-06-05 03:15:00,srv-03,238.2,59.3,35.4
2024-06-05 03:30:00,srv-03,282.0,56.8,37.9
2024-06-05 03:45:00,srv-03,244.2,61.8,44.8
2024-06-05 04:00:00,srv-03,265.1,61.5,34.7
2024-06-05 04:15:00,srv-03,234.1,60.9,50.3
2024-06-05 04:30:00,srv-03,217.0,63.6,40.9
2024-06-05 04:45:00,srv-03,250.6,59.7,35.8
2024-06-05 05:00:00,srv-03,249.3,62.0,44.9
2024-06-05 05:15:00,srv-03,237.8,58.2,32.2
2024-06-05 05:30:00,srv-03,250.3,61.3,35.2
2024-06-05 05:45:00,srv-03,229.9,58.6,32.6
2024-06-05 06:00:00,srv-03,225.7,56.6,37.9
2024-06-05 06:15:00,srv-03,226.9,55.1,50.1
2024-06-05 06:30:00,srv-03,256.8,57.7,41.4
2024-06-05 06:45:00,srv-03,244.3,63.6,35.9
2024-06-05 07:00:00,srv-03,254.4,58.4,33.3
2024-06-05 07:15:00,srv-03,248.9,63.9,52.9
2024-06-05 07:30:00,srv-03,220.0,62.1,38.0
2024-06-05 07:45:00,srv-03,249.8,55.6,33.7
2024-06-05 08:00:00,srv-03,226.4,60.2,36.8
2024-06-05 08:15:00,srv-03,247.9,63.1,43.0
2024-06-05 08:30:00,srv-03,262.3,61.2,33.9
2024-06-05 08:45:00,srv-03,258.5,58.2,44.6
2024-06-05 09:00:00,srv-03,261.6,61.4,32.5
2024-06-05 09:15:00,srv-03,224.2,64.0,39.2
2024-06-05 09:30:00,srv-03,239.2,62.3,43.5
2024-06-05 09:45:00,srv-03,242.2,59.4,38.4
2024-06-05 10:00:00,srv-03,250.9,61.7,38.7
2024-06-05 10:15:00,srv-03,254.2,59.6,35.7
2024-06-05 10:30:00,srv-03,226.6,57.1,38.6
2024-06-05 10:45:00,srv-03,256.5,57.6,40.9
2024-06-05 11:00:00,srv-03,228.1,59.2,32.4
2024-06-05 11:15:00,srv-03,234.7,59.4,42.7
2024-06-05 11:30:00,srv-03,241.3,56.4,45.4
2024-06-05 11:45:00,srv-03,241.2,60.6,40.0
2024-06-05 12:00:00,srv-03,230.2,60.7,42.4
2024-06-05 12:15:00,srv-03,211.8,58.4,38.7
2024-06-05 12:30:00,srv-03,241.8,63.6,36.1
2024-06-05 12:45:00,srv-03,230.5,58.5,36.0
2024-06-05 13:00:00,srv-03,232.8,62.3,34.7
2024-06-05 13:15:00,srv-03,244.4,54.9,37.2
2024-06-05 13:30:00,srv-03,233.1,65.0,38.6
2024-06-05 13:45:00,srv-03,205.0,54.0,40.2
2024-06-05 14:00:00,srv-03,247.2,61.1,40.8
2024-06-05 14:15:00,srv-03,255.4,58.4,44.5
2024-06-05 14:30:00,srv-03,213.5,57.3,31.0
2024-06-05 14:45:00,srv-03,233.9,59.9,40.6
2024-06-05 15:00:00,srv-03,238.9,57.2,39.0
2024-06-05 15:15:00,srv-03,215.5,64.1,38.5
2024-06-05 15:30:00,srv-03,230.7,64.8,33.8
2024-06-05 15:45:00,srv-03,221.1,56.7,39.7
2024-06-05 16:00:00,srv-03,244.5,62.2,52.9
2024-06-05 16:15:00,srv-03,204.3,61.8,37.2
2024-06-05 16:30:00,srv-03,229.2,58.1,35.5
2024-06-05 16:45:00,srv-03,263.3,62.5,40.1
2024-06-05 17:00:00,srv-03,258.3,55.5,33.3
2024-06-05 17:15:00,srv-03,205.3,57.9,40.8
2024-06-05 17:30:00,srv-03,239.5,60.4,32.9
2024-06-05 17:45:00,srv-03,250.0,60.7,43.7
2024-06-05 18:00:00,srv-03,209.6,60.9,34.1
2024-06-05 18:15:00,srv-03,232.0,61.6,40.5
2024-06-05 18:30:00,srv-03,225.2,60.0,32.3
2024-06-05 18:45:00,srv-03,255.3,59.4,45.6
2024-06-05 19:00:00,srv-03,230.1,58.4,36.2
2024-06-05 19:15:00,srv-03,251.1,57.9,43.2
2024-06-05 19:30:00,srv-03,232.3,54.1,37.1
2024-06-05 19:45:00,srv-03,220.3,60.1,34.0
2024-06-05 20:00:00,srv-03,251.9,59.7,39.1
2024-06-05 20:15:00,srv-03,247.8,62.9,39.9
2024-06-05 20:30:00,srv-03,226.4,54.7,36.6
2024-06-05 20:45:00,srv-03,228.7,60.3,38.3
2024-06-05 21:00:00,srv-03,248.3,58.2,39.7
2024-06-05 21:15:00,srv-03,255.8,61.0,39.7
2024-06-05 21:30:00,srv-03,229.0,58.1,35.7
2024-06-05 21:45:00,srv-03,229.9,62.3,38.9
2024-06-05 22:00:00,srv-03,217.8,65.3,41.6
2024-06-05 22:15:00,srv-03,216.9,58.7,40.6
2024-06-05 22:30:00,srv-03,263.6,56.7,44.9
2024-06-05 22:45:00,srv-03,259.0,58.1,38.6
2024-06-05 23:00:00,srv-03,222.5,59.4,39.8
2024-06-05 23:15:00,srv-03,247.9,63.3,36.3
2024-06-05 23:30:00,srv-03,208.5,59.9,41.5
2024-06-05 23:45:00,srv-03,241.7,59.0,40.6
2024-06-06 00:00:00,srv-03,260.7,61.1,38.1
2024-06-06 00:15:00,srv-03,230.5,59.5,48.2
2024-06-06 00:30:00,srv-03,235.3,59.9,37.6
2024-06-06 00:45:00,srv-03,254.5,65.9,42.3
2024-06-06 01:00:00,srv-03,239.2,60.1,28.1
2024-06-06 01:15:00,srv-03,249.2,60.4,42.1
2024-06-06 01:30:00,srv-03,227.3,58.8,37.9
2024-06-06 01:45:00,srv-03,253.3,58.9,50.4
2024-06-06 02:00:00,srv-03,244.5,56.2,39.4
2024-06-06 02:15:00,srv-03,228.2,53.4,48.0
2024-06-06 02:30:00,srv-03,248.5,61.6,40.8
2024-06-06 02:45:00,srv-03,217.3,58.5,44.2
2024-06-06 03:00:00,srv-03,222.2,52.4,38.9
2024-06-06 03:15:00,srv-03,235.9,60.4,43.6
2024-06-06 03:30:00,srv-03,247.6,60.8,46.0
2024-06-06 03:45:00,srv-03,215.2,61.5,43.1
2024-06-06 04:00:00,srv-03,219.4,55.5,36.3
2024-06-06 04:15:00,srv-03,228.1,62.3,36.9
2024-06-06 04:30:00,srv-03,225.2,58.2,45.6
2024-06-06 04:45:00,srv-03,238.2,59.5,39.4
2024-06-06 05:00:00,srv-03,257.4,57.8,46.6
2024-06-06 05:15:00,srv-03,241.2,59.5,52.5
2024-06-06 05:30:00,srv-03,222.2,58.9,33.8
2024-06-06 05:45:00,srv-03,252.3,65.1,48.3
2024-06-06 06:00:00,srv-03,256.4,59.4,38.2
2024-06-06 06:15:00,srv-03,212.9,66.1,42.3
2024-06-06 06:30:00,srv-03,230.6,64.0,35.1
2024-06-06 06:45:00,srv-03,244.1,59.5,43.2
2024-06-06 07:00:00,srv-03,237.0,55.6,40.4
2024-06-06 07:15:00,srv-03,253.7,59.9,43.9
2024-06-06 07:30:00,srv-03,222.3,59.9,36.9
2024-06-06 07:45:00,srv-03,249.2,60.1,43.5
2024-06-06 08:00:00,srv-03,254.3,62.1,41.4
2024-06-06 08:15:00,srv-03,223.0,60.0,37.3
2024-06-06 08:30:00,srv-03,232.8,58.9,35.1
2024-06-06 08:45:00,srv-03,208.6,58.0,41.0
2024-06-06 09:00:00,srv-03,217.8,60.0,49.5
2024-06-06 09:15:00,srv-03,253.3,64.9,42.0
2024-06-06 09:30:00,srv-03,255.5,57.8,36.8
2024-06-06 09:45:00,srv-03,196.9,63.6,47.7
2024-06-06 10:00:00,srv-03,229.7,59.2,36.2
2024-06-06 10:15:00,srv-03,243.7,63.4,31.3
2024-06-06 10:30:00,srv-03,244.1,59.2,40.6
2024-06-06 10:45:00,srv-03,244.9,59.4,39.5
2024-06-06 11:00:00,srv-03,234.8,62.9,42.1
2024-06-06 11:15:00,srv-03,241.3,56.2,38.1
2024-06-06 11:30:00,srv-03,251.5,60.1,43.3
2024-06-06 11:45:00,srv-03,264.5,63.1,40.5
2024-06-06 12:00:00,srv-03,230.3,52.3,39.2
2024-06-06 12:15:00,srv-03,233.1,61.2,39.2
2024-06-06 12:30:00,srv-03,233.2,54.7,35.3
2024-06-06 12:45:00,srv-03,245.1,65.1,39.5
2024-06-06 13:00:00,srv-03,242.9,62.9,35.9
2024-06-06 13:15:00,srv-03,243.5,57.8,44.3
2024-06-06 13:30:00,srv-03,240.3,60.9,36.1
2024-06-06 13:45:00,srv-03,248.6,66.3,35.0
2024-06-06 14:00:00,srv-03,232.9,60.7,43.9
2024-06-06 14:15:00,srv-03,229.6,51.5,46.8
2024-06-06 14:30:00,srv-03,249.4,54.8,37.0
2024-06-06 14:45:00,srv-03,261.5,64.3,44.7
2024-06-06 15:00:00,srv-03,235.4,60.2,39.3
2024-06-06 15:15:00,srv-03,254.9,57.4,36.0
2024-06-06 15:30:00,srv-03,253.2,59.9,46.9
2024-06-06 15:45:00,srv-03,227.9,59.8,35.4
2024-06-06 16:00:00,srv-03,238.1,55.6,37.6
2024-06-06 16:15:00,srv-03,216.5,62.1,43.6
2024-06-06 16:30:00,srv-03,212.0,64.0,52.5
2024-06-06 16:45:00,srv-03,238.7,58.1,54.1
2024-06-06 17:00:00,srv-03,218.2,60.1,40.9
2024-06-06 17:15:00,srv-03,258.2,61.1,37.5
2024-06-06 17:30:00,srv-03,223.7,59.0,35.0
2024-06-06 17:45:00,srv-03,238.7,58.3,32.5
2024-06-06 18:00:00,srv-03,256.8,58.5,33.7
2024-06-06 18:15:00,srv-03,235.5,60.2,31.3
2024-06-06 18:30:00,srv-03,243.0,56.9,48.6
2024-06-06 18:45:00,srv-03,245.9,58.8,36.3
2024-06-06 19:00:00,srv-03,236.4,61.8,39.9
2024-06-06 19:15:00,srv-03,234.7,60.2,37.0
2024-06-06 19:30:00,srv-03,232.9,53.7,44.9
2024-06-06 19:45:00,srv-03,242.5,57.7,49.5
2024-06-06 20:00:00,srv-03,239.3,56.9,44.3
2024-06-06 20:15:00,srv-03,244.0,61.2,37.9
2024-06-06 20:30:00,srv-03,244.8,59.2,42.8
2024-06-06 20:45:00,srv-03,209.4,58.7,48.6
2024-06-06 21:00:00,srv-03,226.5,58.2,37.8
2024-06-06 21:15:00,srv-03,219.8,53.4,38.8
2024-06-06 21:30:00,srv-03,240.0,59.8,39.3
2024-06-06 21:45:00,srv-03,238.6,63.1,39.0
2024-06-06 22:00:00,srv-03,229.4,59.2,42.9
2024-06-06 22:15:00,srv-03,259.2,58.1,40.5
2024-06-06 22:30:00,srv-03,243.1,57.0,40.1
2024-06-06 22:45:00,srv-03,216.0,54.7,41.8
2024-06-06 23:00:00,srv-03,232.2,60.6,39.9
2024-06-06 23:15:00,srv-03,223.4,59.9,33.8
2024-06-06 23:30:00,srv-03,258.9,55.9,39.0
2024-06-06 23:45:00,srv-03,222.4,61.7,38.3
2024-06-07 00:00:00,srv-03,230.2,62.6,40.1
2024-06-07 00:15:00,srv-03,245.7,57.1,33.0
2024-06-07 00:30:00,srv-03,239.6,59.0,43.1
2024-06-07 00:45:00,srv-03,236.8,60.6,31.9
2024-06-07 01:00:00,srv-03,266.3,59.5,43.5
2024-06-07 01:15:00,srv-03,225.5,60.9,33.5
2024-06-07 01:30:00,srv-03,244.8,58.9,40.1
2024-06-07 01:45:00,srv-03,248.5,56.3,36.6
2024-06-07 02:00:00,srv-03,244.9,66.3,39.3
2024-06-07 02:15:00,srv-03,246.9,59.7,49.7
2024-06-07 02:30:00,srv-03,211.8,60.3,31.9
2024-06-07 02:45:00,srv-03,200.4,60.9,40.7
2024-06-07 03:00:00,srv-03,233.7,59.7,55.5
2024-06-07 03:15:00,srv-03,234.1,61.5,36.8
2024-06-07 03:30:00,srv-03,242.4,59.3,37.9
2024-06-07 03:45:00,srv-03,265.3,63.5,40.7
2024-06-07 04:00:00,srv-03,203.4,58.9,53.5
2024-06-07 04:15:00,srv-03,234.5,63.3,47.2
2024-06-07 04:30:00,srv-03,241.3,57.5,27.8
2024-06-07 04:45:00,srv-03,248.3,57.6,40.9
2024-06-07 05:00:00,srv-03,219.3,59.2,40.2
2024-06-07 05:15:00,srv-03,242.0,56.7,46.0
2024-06-07 05:30:00,srv-03,229.0,55.0,39.5
2024-06-07 05:45:00,srv-03,238.5,60.5,46.8
2024-06-07 06:00:00,srv-03,234.5,59.6,34.5
2024-06-07 06:15:00,srv-03,250.3,60.6,37.9
2024-06-07 06:30:00,srv-03,209.4,64.3,33.9
2024-06-07 06:45:00,srv-03,229.1,61.1,34.0
2024-06-07 07:00:00,srv-03,215.6,53.6,43.6
2024-06-07 07:15:00,srv-03,229.8,68.8,35.0
2024-06-07 07:30:00,srv-03,224.2,58.3,41.2
2024-06-07 07:45:00,srv-03,230.9,61.8,35.1
2024-06-07 08:00:00,srv-03,217.3,54.6,28.9
2024-06-07 08:15:00,srv-03,230.2,59.1,36.8
2024-06-07 08:30:00,srv-03,256.7,63.7,38.3
2024-06-07 08:45:00,srv-03,211.1,58.3,37.0
2024-06-07 09:00:00,srv-03,228.1,57.9,36.7
2024-06-07 09:15:00,srv-03,232.2,58.1,41.0
2024-06-07 09:30:00,srv-03,243.4,57.3,46.4
2024-06-07 09:45:00,srv-03,223.3,55.1,41.9
2024-06-07 10:00:00,srv-03,225.7,61.0,28.0
2024-06-07 10:15:00,srv-03,258.9,62.0,32.5
2024-06-07 10:30:00,srv-03,215.8,65.0,36.3
2024-06-07 10:45:00,srv-03,225.5,53.2,38.2
2024-06-07 11:00:00,srv-03,234.6,62.1,33.0
2024-06-07 11:15:00,srv-03,215.2,61.4,45.0
2024-06-07 11:30:00,srv-03,214.4,63.2,40.2
2024-06-07 11:45:00,srv-03,254.4,59.8,27.4
2024-06-07 12:00:00,srv-03,235.7,63.2,35.5
2024-06-07 12:15:00,srv-03,232.2,59.5,25.5
2024-06-07 12:30:00,srv-03,263.1,57.3,42.5
2024-06-07 12:45:00,srv-03,236.7,63.8,42.0
2024-06-07 13:00:00,srv-03,234.5,57.3,44.0
2024-06-07 13:15:00,srv-03,209.9,61.9,34.5
2024-06-07 13:30:00,srv-03,256.8,60.5,43.2
2024-06-07 13:45:00,srv-03,239.2,54.7,35.7
2024-06-07 14:00:00,srv-03,248.1,60.5,45.9
2024-06-07 14:15:00,srv-03,244.0,57.1,36.0
2024-06-07 14:30:00,srv-03,239.5,53.1,48.4
2024-06-07 14:45:00,srv-03,244.6,63.7,32.1
2024-06-07 15:00:00,srv-03,256.7,66.7,33.4
2024-06-07 15:15:00,srv-03,249.6,60.0,32.3
2024-06-07 15:30:00,srv-03,245.4,62.5,37.0
2024-06-07 15:45:00,srv-03,255.5,55.0,32.5
2024-06-07 16:00:00,srv-03,240.0,60.1,36.4
2024-06-07 16:15:00,srv-03,250.1,61.6,44.3
2024-06-07 16:30:00,srv-03,236.2,61.8,37.8
2024-06-07 16:45:00,srv-03,268.8,57.6,50.5
2024-06-07 17:00:00,srv-03,238.5,55.9,46.8
2024-06-07 17:15:00,srv-03,239.9,62.6,46.1
2024-06-07 17:30:00,srv-03,243.1,58.2,44.9
2024-06-07 17:45:00,srv-03,238.0,62.1,29.2
2024-06-07 18:00:00,srv-03,244.7,58.1,48.3
2024-06-07 18:15:00,srv-03,247.3,60.7,42.4
2024-06-07 18:30:00,srv-03,223.0,64.9,50.0
2024-06-07 18:45:00,srv-03,243.9,64.8,37.2
2024-06-07 19:00:00,srv-03,226.0,60.1,42.2
2024-06-07 19:15:00,srv-03,232.1,61.6,41.5
2024-06-07 19:30:00,srv-03,223.0,61.6,44.3
2024-06-07 19:45:00,srv-03,240.6,63.5,33.9
2024-06-07 20:00:00,srv-03,245.0,56.5,34.4
2024-06-07 20:15:00,srv-03,228.5,57.2,37.3
2024-06-07 20:30:00,srv-03,234.8,62.5,38.4
2024-06-07 20:45:00,srv-03,214.2,63.4,35.8
2024-06-07 21:00:00,srv-03,237.1,61.3,41.0
2024-06-07 21:15:00,srv-03,254.4,61.4,35.7
2024-06-07 21:30:00,srv-03,270.7,60.6,39.3
2024-06-07 21:45:00,srv-03,252.5,60.7,42.0
2024-06-07 22:00:00,srv-03,275.4,59.2,38.4
2024-06-07 22:15:00,srv-03,239.7,63.2,32.5
2024-06-07 22:30:00,srv-03,208.5,58.2,31.8
2024-06-07 22:45:00,srv-03,231.6,61.5,35.5
2024-06-07 23:00:00,srv-03,216.6,60.2,44.3
2024-06-07 23:15:00,srv-03,212.6,62.5,44.1
2024-06-07 23:30:00,srv-03,252.3,63.7,51.0
2024-06-07 23:45:00,srv-03,232.7,60.3,37.9
2024-06-08 00:00:00,srv-03,238.0,64.6,33.3
